User_ID,Age_Group,Region,Content_Type,Duration_Viewed (min),Session_Start,Session_End,Clicks,Session_Duration,Hour
754,25-34,Asia,Live_Stream,25.5,2025-01-01 13:45:00,2025-01-01 14:10:00,5,25.0,13
214,35-44,Europe,Long_Video,15.5,2025-01-01 19:13:00,2025-01-01 19:28:00,5,15.0,19
125,45-54,Asia,Short_Video,16.2,2025-01-01 10:41:00,2025-01-01 10:57:00,1,16.0,10
859,25-34,Europe,Short_Video,27.8,2025-01-01 17:06:00,2025-01-01 17:33:00,3,27.0,17
381,45-54,South America,Long_Video,7.0,2025-01-01 18:14:00,2025-01-01 18:21:00,1,7.0,18
350,35-44,South America,Live_Stream,18.2,2025-01-01 15:33:00,2025-01-01 15:51:00,5,18.0,15
328,25-34,Asia,Short_Video,22.5,2025-01-01 14:00:00,2025-01-01 14:22:00,16,22.0,14
242,25-34,North America,Short_Video,5.6,2025-01-01 13:22:00,2025-01-01 13:27:00,14,5.0,13
854,35-44,South America,Live_Stream,12.8,2025-01-01 17:23:00,2025-01-01 17:35:00,5,12.0,17
204,25-34,Europe,Short_Video,18.8,2025-01-01 13:32:00,2025-01-01 13:50:00,3,18.0,13
792,45-54,South America,Live_Stream,26.7,2025-01-01 14:20:00,2025-01-01 14:46:00,5,26.0,14
858,45-54,North America,Live_Stream,16.1,2025-01-01 15:02:00,2025-01-01 15:18:00,14,16.0,15
658,18-24,North America,Short_Video,12.8,2025-01-01 18:48:00,2025-01-01 19:00:00,15,12.0,18
189,45-54,North America,Live_Stream,29.4,2025-01-01 15:20:00,2025-01-01 15:49:00,20,29.0,15
704,18-24,North America,Short_Video,27.6,2025-01-01 13:31:00,2025-01-01 13:58:00,14,27.0,13
532,25-34,Europe,Long_Video,23.3,2025-01-01 18:23:00,2025-01-01 18:46:00,20,23.0,18
132,35-44,Asia,Short_Video,9.7,2025-01-01 12:06:00,2025-01-01 12:15:00,6,9.0,12
130,25-34,Europe,Long_Video,29.0,2025-01-01 17:36:00,2025-01-01 18:05:00,15,29.0,17
195,18-24,South America,Long_Video,29.2,2025-01-01 17:18:00,2025-01-01 17:47:00,17,29.0,17
323,45-54,South America,Live_Stream,14.7,2025-01-01 11:39:00,2025-01-01 11:53:00,14,14.0,11
338,18-24,South America,Long_Video,5.7,2025-01-01 14:24:00,2025-01-01 14:29:00,18,5.0,14
617,18-24,Europe,Short_Video,13.6,2025-01-01 17:23:00,2025-01-01 17:36:00,15,13.0,17
716,45-54,Asia,Long_Video,21.6,2025-01-01 12:20:00,2025-01-01 12:41:00,13,21.0,12
127,25-34,Asia,Live_Stream,23.0,2025-01-01 14:08:00,2025-01-01 14:31:00,12,23.0,14
674,45-54,North America,Live_Stream,10.4,2025-01-01 15:43:00,2025-01-01 15:53:00,8,10.0,15
303,35-44,Europe,Short_Video,21.6,2025-01-01 15:38:00,2025-01-01 15:59:00,6,21.0,15
833,25-34,Asia,Short_Video,26.1,2025-01-01 14:46:00,2025-01-01 15:12:00,14,26.0,14
765,18-24,Asia,Live_Stream,21.9,2025-01-01 08:00:00,2025-01-01 08:21:00,20,21.0,8
818,45-54,North America,Long_Video,28.2,2025-01-01 08:35:00,2025-01-01 09:03:00,1,28.0,8
658,18-24,South America,Long_Video,19.7,2025-01-01 12:51:00,2025-01-01 13:10:00,19,19.0,12
529,35-44,North America,Live_Stream,7.6,2025-01-01 18:10:00,2025-01-01 18:17:00,16,7.0,18
325,25-34,Asia,Short_Video,19.5,2025-01-01 08:16:00,2025-01-01 08:35:00,8,19.0,8
559,45-54,Asia,Short_Video,10.1,2025-01-01 16:50:00,2025-01-01 17:00:00,17,10.0,16
703,35-44,Asia,Short_Video,11.7,2025-01-01 10:18:00,2025-01-01 10:29:00,9,11.0,10
384,35-44,South America,Short_Video,20.8,2025-01-01 13:09:00,2025-01-01 13:29:00,14,20.0,13
928,25-34,Asia,Long_Video,29.5,2025-01-01 08:06:00,2025-01-01 08:35:00,18,29.0,8
990,45-54,South America,Long_Video,20.2,2025-01-01 13:07:00,2025-01-01 13:27:00,19,20.0,13
106,18-24,North America,Long_Video,28.8,2025-01-01 11:47:00,2025-01-01 12:15:00,12,28.0,11
877,18-24,North America,Live_Stream,16.1,2025-01-01 11:39:00,2025-01-01 11:55:00,2,16.0,11
925,35-44,Asia,Live_Stream,21.4,2025-01-01 13:22:00,2025-01-01 13:43:00,2,21.0,13
263,25-34,Asia,Live_Stream,11.0,2025-01-01 08:22:00,2025-01-01 08:33:00,19,11.0,8
814,35-44,Asia,Long_Video,5.2,2025-01-01 19:46:00,2025-01-01 19:51:00,16,5.0,19
532,25-34,South America,Short_Video,11.9,2025-01-01 12:42:00,2025-01-01 12:53:00,12,11.0,12
448,35-44,Europe,Long_Video,15.5,2025-01-01 17:26:00,2025-01-01 17:41:00,4,15.0,17
384,25-34,Asia,Long_Video,18.0,2025-01-01 16:43:00,2025-01-01 17:01:00,19,18.0,16
259,35-44,Europe,Live_Stream,20.7,2025-01-01 17:29:00,2025-01-01 17:49:00,16,20.0,17
320,25-34,Asia,Short_Video,13.7,2025-01-01 17:44:00,2025-01-01 17:57:00,3,13.0,17
881,35-44,Europe,Short_Video,22.9,2025-01-01 17:45:00,2025-01-01 18:07:00,5,22.0,17
444,25-34,South America,Live_Stream,25.6,2025-01-01 10:38:00,2025-01-01 11:03:00,17,25.0,10
204,25-34,Europe,Live_Stream,10.0,2025-01-01 09:36:00,2025-01-01 09:46:00,9,10.0,9
194,18-24,South America,Long_Video,25.7,2025-01-01 08:38:00,2025-01-01 09:03:00,15,25.0,8
489,18-24,Asia,Short_Video,24.6,2025-01-01 15:51:00,2025-01-01 16:15:00,17,24.0,15
199,18-24,Europe,Long_Video,16.6,2025-01-01 14:04:00,2025-01-01 14:20:00,3,16.0,14
467,35-44,North America,Long_Video,2.7,2025-01-01 10:39:00,2025-01-01 10:41:00,17,2.0,10
967,45-54,North America,Long_Video,6.1,2025-01-01 10:21:00,2025-01-01 10:27:00,20,6.0,10
452,18-24,Europe,Live_Stream,20.8,2025-01-01 12:31:00,2025-01-01 12:51:00,3,20.0,12
718,18-24,Europe,Live_Stream,7.6,2025-01-01 14:15:00,2025-01-01 14:22:00,8,7.0,14
370,25-34,North America,Live_Stream,23.0,2025-01-01 17:56:00,2025-01-01 18:19:00,16,23.0,17
926,35-44,Asia,Short_Video,6.5,2025-01-01 12:15:00,2025-01-01 12:21:00,3,6.0,12
144,45-54,Europe,Live_Stream,10.0,2025-01-01 11:58:00,2025-01-01 12:08:00,18,10.0,11
847,35-44,Asia,Long_Video,9.0,2025-01-01 12:22:00,2025-01-01 12:31:00,19,9.0,12
570,25-34,Asia,Long_Video,25.5,2025-01-01 13:07:00,2025-01-01 13:32:00,10,25.0,13
649,18-24,South America,Live_Stream,21.3,2025-01-01 09:34:00,2025-01-01 09:55:00,20,21.0,9
227,18-24,South America,Live_Stream,10.3,2025-01-01 17:44:00,2025-01-01 17:54:00,2,10.0,17
487,18-24,North America,Live_Stream,23.1,2025-01-01 14:49:00,2025-01-01 15:12:00,11,23.0,14
180,18-24,Europe,Live_Stream,2.9,2025-01-01 17:42:00,2025-01-01 17:44:00,18,2.0,17
665,18-24,Asia,Short_Video,24.8,2025-01-01 11:42:00,2025-01-01 12:06:00,1,24.0,11
400,35-44,Europe,Short_Video,4.9,2025-01-01 09:19:00,2025-01-01 09:23:00,16,4.0,9
949,25-34,Europe,Short_Video,26.3,2025-01-01 13:32:00,2025-01-01 13:58:00,15,26.0,13
743,45-54,Europe,Short_Video,22.7,2025-01-01 16:14:00,2025-01-01 16:36:00,17,22.0,16
733,35-44,North America,Short_Video,26.2,2025-01-01 10:57:00,2025-01-01 11:23:00,16,26.0,10
982,35-44,North America,Live_Stream,22.8,2025-01-01 16:19:00,2025-01-01 16:41:00,19,22.0,16
470,18-24,Europe,Long_Video,17.7,2025-01-01 19:46:00,2025-01-01 20:03:00,11,17.0,19
691,45-54,Europe,Long_Video,8.7,2025-01-01 19:59:00,2025-01-01 20:07:00,14,8.0,19
296,25-34,Asia,Long_Video,24.0,2025-01-01 17:50:00,2025-01-01 18:14:00,12,24.0,17
821,45-54,North America,Long_Video,24.4,2025-01-01 09:37:00,2025-01-01 10:01:00,10,24.0,9
171,35-44,South America,Live_Stream,10.1,2025-01-01 18:09:00,2025-01-01 18:19:00,10,10.0,18
146,25-34,North America,Short_Video,20.6,2025-01-01 18:57:00,2025-01-01 19:17:00,6,20.0,18
777,25-34,Europe,Long_Video,27.9,2025-01-01 13:07:00,2025-01-01 13:34:00,2,27.0,13
333,18-24,Asia,Long_Video,12.9,2025-01-01 08:38:00,2025-01-01 08:50:00,20,12.0,8
891,18-24,Europe,Short_Video,28.8,2025-01-01 17:50:00,2025-01-01 18:18:00,10,28.0,17
396,45-54,South America,Short_Video,29.3,2025-01-01 14:30:00,2025-01-01 14:59:00,19,29.0,14
181,25-34,Europe,Long_Video,10.8,2025-01-01 09:20:00,2025-01-01 09:30:00,9,10.0,9
975,45-54,Asia,Short_Video,17.5,2025-01-01 08:57:00,2025-01-01 09:14:00,2,17.0,8
338,25-34,Europe,Live_Stream,2.4,2025-01-01 13:42:00,2025-01-01 13:44:00,16,2.0,13
987,18-24,Europe,Long_Video,9.0,2025-01-01 13:56:00,2025-01-01 14:05:00,19,9.0,13
203,35-44,North America,Long_Video,19.4,2025-01-01 15:24:00,2025-01-01 15:43:00,6,19.0,15
489,18-24,South America,Long_Video,23.9,2025-01-01 15:06:00,2025-01-01 15:29:00,19,23.0,15
384,18-24,Asia,Live_Stream,26.4,2025-01-01 10:03:00,2025-01-01 10:29:00,2,26.0,10
564,35-44,South America,Live_Stream,25.2,2025-01-01 11:52:00,2025-01-01 12:17:00,10,25.0,11
750,25-34,North America,Short_Video,27.5,2025-01-01 19:08:00,2025-01-01 19:35:00,20,27.0,19
954,45-54,Europe,Live_Stream,21.7,2025-01-01 18:16:00,2025-01-01 18:37:00,1,21.0,18
473,18-24,North America,Live_Stream,20.1,2025-01-01 08:11:00,2025-01-01 08:31:00,10,20.0,8
266,45-54,Europe,Live_Stream,23.1,2025-01-01 18:49:00,2025-01-01 19:12:00,16,23.0,18
479,35-44,South America,Short_Video,17.3,2025-01-01 18:47:00,2025-01-01 19:04:00,3,17.0,18
463,45-54,Asia,Short_Video,18.9,2025-01-01 14:31:00,2025-01-01 14:49:00,5,18.0,14
314,18-24,Europe,Long_Video,23.7,2025-01-01 08:55:00,2025-01-01 09:18:00,17,23.0,8
786,35-44,Asia,Long_Video,29.0,2025-01-01 13:12:00,2025-01-01 13:41:00,3,29.0,13
373,25-34,South America,Long_Video,10.2,2025-01-01 16:56:00,2025-01-01 17:06:00,9,10.0,16
818,25-34,Europe,Short_Video,7.0,2025-01-01 08:42:00,2025-01-01 08:49:00,9,7.0,8
799,45-54,South America,Live_Stream,21.1,2025-01-01 13:26:00,2025-01-01 13:47:00,5,21.0,13
763,45-54,Asia,Live_Stream,7.2,2025-01-01 17:12:00,2025-01-01 17:19:00,20,7.0,17
173,25-34,South America,Short_Video,6.9,2025-01-01 17:38:00,2025-01-01 17:44:00,9,6.0,17
723,35-44,Europe,Live_Stream,16.4,2025-01-01 10:33:00,2025-01-01 10:49:00,9,16.0,10
750,35-44,Europe,Live_Stream,12.6,2025-01-01 13:34:00,2025-01-01 13:46:00,9,12.0,13
275,35-44,Asia,Short_Video,14.0,2025-01-01 16:34:00,2025-01-01 16:48:00,1,14.0,16
646,45-54,North America,Live_Stream,17.6,2025-01-01 19:54:00,2025-01-01 20:11:00,4,17.0,19
846,18-24,Asia,Long_Video,5.6,2025-01-01 11:46:00,2025-01-01 11:51:00,20,5.0,11
350,18-24,North America,Live_Stream,18.4,2025-01-01 10:36:00,2025-01-01 10:54:00,6,18.0,10
267,35-44,Asia,Live_Stream,9.1,2025-01-01 08:51:00,2025-01-01 09:00:00,19,9.0,8
573,18-24,South America,Short_Video,11.3,2025-01-01 19:29:00,2025-01-01 19:40:00,5,11.0,19
488,18-24,Europe,Short_Video,21.9,2025-01-01 14:42:00,2025-01-01 15:03:00,15,21.0,14
376,18-24,South America,Live_Stream,6.3,2025-01-01 15:36:00,2025-01-01 15:42:00,12,6.0,15
755,18-24,Asia,Short_Video,6.3,2025-01-01 18:09:00,2025-01-01 18:15:00,6,6.0,18
804,25-34,North America,Live_Stream,11.0,2025-01-01 17:49:00,2025-01-01 18:00:00,9,11.0,17
670,35-44,South America,Live_Stream,3.4,2025-01-01 16:36:00,2025-01-01 16:39:00,8,3.0,16
324,25-34,Europe,Short_Video,28.1,2025-01-01 09:32:00,2025-01-01 10:00:00,16,28.0,9
801,18-24,South America,Live_Stream,19.2,2025-01-01 11:47:00,2025-01-01 12:06:00,6,19.0,11
432,35-44,Europe,Short_Video,20.5,2025-01-01 15:22:00,2025-01-01 15:42:00,17,20.0,15
963,35-44,South America,Short_Video,15.7,2025-01-01 12:56:00,2025-01-01 13:11:00,2,15.0,12
886,25-34,South America,Live_Stream,18.0,2025-01-01 14:43:00,2025-01-01 15:01:00,11,18.0,14
894,35-44,North America,Long_Video,12.0,2025-01-01 10:31:00,2025-01-01 10:43:00,3,12.0,10
157,45-54,Asia,Short_Video,24.0,2025-01-01 10:15:00,2025-01-01 10:39:00,5,24.0,10
334,45-54,Asia,Long_Video,10.9,2025-01-01 13:44:00,2025-01-01 13:54:00,20,10.0,13
941,35-44,North America,Long_Video,8.2,2025-01-01 09:24:00,2025-01-01 09:32:00,5,8.0,9
132,35-44,North America,Long_Video,7.1,2025-01-01 16:07:00,2025-01-01 16:14:00,16,7.0,16
924,45-54,Europe,Long_Video,3.9,2025-01-01 17:45:00,2025-01-01 17:48:00,14,3.0,17
423,25-34,Europe,Long_Video,16.1,2025-01-01 08:50:00,2025-01-01 09:06:00,13,16.0,8
510,35-44,Europe,Short_Video,13.6,2025-01-01 17:21:00,2025-01-01 17:34:00,8,13.0,17
374,35-44,Asia,Short_Video,17.0,2025-01-01 14:48:00,2025-01-01 15:05:00,15,17.0,14
167,45-54,Asia,Long_Video,4.6,2025-01-01 12:28:00,2025-01-01 12:32:00,6,4.0,12
316,45-54,Europe,Live_Stream,8.2,2025-01-01 09:27:00,2025-01-01 09:35:00,7,8.0,9
680,18-24,Asia,Short_Video,8.0,2025-01-01 14:48:00,2025-01-01 14:56:00,19,8.0,14
997,18-24,North America,Long_Video,11.3,2025-01-01 16:33:00,2025-01-01 16:44:00,12,11.0,16
835,25-34,South America,Short_Video,12.1,2025-01-01 15:24:00,2025-01-01 15:36:00,2,12.0,15
422,35-44,Asia,Live_Stream,8.1,2025-01-01 19:54:00,2025-01-01 20:02:00,9,8.0,19
317,35-44,Europe,Short_Video,23.1,2025-01-01 10:13:00,2025-01-01 10:36:00,4,23.0,10
771,25-34,Europe,Long_Video,16.9,2025-01-01 10:18:00,2025-01-01 10:34:00,2,16.0,10
611,18-24,South America,Long_Video,29.9,2025-01-01 16:12:00,2025-01-01 16:41:00,6,29.0,16
505,35-44,Asia,Short_Video,25.1,2025-01-01 17:32:00,2025-01-01 17:57:00,15,25.0,17
758,35-44,Asia,Live_Stream,29.5,2025-01-01 11:22:00,2025-01-01 11:51:00,13,29.0,11
569,45-54,Europe,Live_Stream,2.2,2025-01-01 16:19:00,2025-01-01 16:21:00,16,2.0,16
246,35-44,South America,Long_Video,20.7,2025-01-01 14:44:00,2025-01-01 15:04:00,10,20.0,14
371,25-34,Europe,Live_Stream,14.5,2025-01-01 19:07:00,2025-01-01 19:21:00,16,14.0,19
242,18-24,Asia,Live_Stream,27.3,2025-01-01 17:45:00,2025-01-01 18:12:00,18,27.0,17
352,18-24,South America,Long_Video,19.2,2025-01-01 11:20:00,2025-01-01 11:39:00,8,19.0,11
862,25-34,Asia,Short_Video,19.4,2025-01-01 17:34:00,2025-01-01 17:53:00,13,19.0,17
674,25-34,South America,Long_Video,28.8,2025-01-01 18:30:00,2025-01-01 18:58:00,13,28.0,18
651,25-34,Asia,Live_Stream,21.1,2025-01-01 16:56:00,2025-01-01 17:17:00,16,21.0,16
369,18-24,Asia,Short_Video,11.0,2025-01-01 12:12:00,2025-01-01 12:23:00,9,11.0,12
864,45-54,North America,Short_Video,27.6,2025-01-01 12:08:00,2025-01-01 12:35:00,5,27.0,12
698,45-54,Europe,Long_Video,28.5,2025-01-01 09:13:00,2025-01-01 09:41:00,17,28.0,9
538,35-44,South America,Long_Video,12.8,2025-01-01 12:32:00,2025-01-01 12:44:00,14,12.0,12
697,45-54,South America,Live_Stream,17.1,2025-01-01 15:20:00,2025-01-01 15:37:00,1,17.0,15
508,45-54,South America,Short_Video,9.9,2025-01-01 13:31:00,2025-01-01 13:40:00,10,9.0,13
470,35-44,Asia,Live_Stream,27.5,2025-01-01 19:41:00,2025-01-01 20:08:00,15,27.0,19
324,25-34,Asia,Live_Stream,25.0,2025-01-01 17:49:00,2025-01-01 18:14:00,13,25.0,17
241,18-24,Asia,Live_Stream,12.5,2025-01-01 09:31:00,2025-01-01 09:43:00,11,12.0,9
621,45-54,North America,Short_Video,24.5,2025-01-01 09:55:00,2025-01-01 10:19:00,17,24.0,9
605,25-34,Asia,Long_Video,14.5,2025-01-01 19:27:00,2025-01-01 19:41:00,2,14.0,19
193,35-44,Asia,Short_Video,3.2,2025-01-01 15:03:00,2025-01-01 15:06:00,4,3.0,15
873,45-54,South America,Live_Stream,27.2,2025-01-01 15:13:00,2025-01-01 15:40:00,18,27.0,15
148,18-24,North America,Short_Video,7.4,2025-01-01 14:14:00,2025-01-01 14:21:00,12,7.0,14
981,35-44,Asia,Long_Video,16.4,2025-01-01 13:56:00,2025-01-01 14:12:00,14,16.0,13
212,35-44,North America,Short_Video,28.5,2025-01-01 11:15:00,2025-01-01 11:43:00,20,28.0,11
256,25-34,South America,Short_Video,6.7,2025-01-01 13:28:00,2025-01-01 13:34:00,9,6.0,13
742,18-24,North America,Long_Video,28.8,2025-01-01 13:52:00,2025-01-01 14:20:00,11,28.0,13
263,25-34,North America,Short_Video,17.1,2025-01-01 18:08:00,2025-01-01 18:25:00,9,17.0,18
911,25-34,Europe,Long_Video,2.2,2025-01-01 19:11:00,2025-01-01 19:13:00,9,2.0,19
796,35-44,North America,Long_Video,3.8,2025-01-01 08:24:00,2025-01-01 08:27:00,4,3.0,8
532,45-54,Asia,Long_Video,20.8,2025-01-01 13:12:00,2025-01-01 13:32:00,9,20.0,13
710,25-34,Europe,Long_Video,23.7,2025-01-01 10:53:00,2025-01-01 11:16:00,19,23.0,10
165,35-44,South America,Live_Stream,26.2,2025-01-01 13:58:00,2025-01-01 14:24:00,13,26.0,13
494,25-34,South America,Short_Video,13.9,2025-01-01 18:31:00,2025-01-01 18:44:00,15,13.0,18
490,45-54,South America,Live_Stream,4.9,2025-01-01 15:32:00,2025-01-01 15:36:00,8,4.0,15
710,45-54,Asia,Live_Stream,17.1,2025-01-01 18:38:00,2025-01-01 18:55:00,19,17.0,18
579,35-44,North America,Short_Video,21.7,2025-01-01 10:29:00,2025-01-01 10:50:00,7,21.0,10
641,25-34,North America,Short_Video,29.3,2025-01-01 15:31:00,2025-01-01 16:00:00,17,29.0,15
357,25-34,North America,Long_Video,23.7,2025-01-01 08:45:00,2025-01-01 09:08:00,11,23.0,8
666,25-34,Europe,Short_Video,20.1,2025-01-01 11:59:00,2025-01-01 12:19:00,6,20.0,11
981,45-54,Asia,Long_Video,28.3,2025-01-01 11:24:00,2025-01-01 11:52:00,11,28.0,11
111,25-34,Asia,Live_Stream,22.9,2025-01-01 19:41:00,2025-01-01 20:03:00,18,22.0,19
796,35-44,Europe,Live_Stream,6.3,2025-01-01 14:22:00,2025-01-01 14:28:00,1,6.0,14
838,45-54,North America,Live_Stream,14.9,2025-01-01 10:39:00,2025-01-01 10:53:00,1,14.0,10
217,35-44,South America,Short_Video,11.3,2025-01-01 09:27:00,2025-01-01 09:38:00,3,11.0,9
798,35-44,Europe,Long_Video,4.5,2025-01-01 09:55:00,2025-01-01 09:59:00,1,4.0,9
649,25-34,Europe,Live_Stream,3.5,2025-01-01 08:55:00,2025-01-01 08:58:00,14,3.0,8
868,18-24,South America,Live_Stream,24.2,2025-01-01 12:08:00,2025-01-01 12:32:00,4,24.0,12
373,25-34,Asia,Short_Video,17.6,2025-01-01 18:35:00,2025-01-01 18:52:00,17,17.0,18
887,45-54,Asia,Long_Video,18.1,2025-01-01 10:31:00,2025-01-01 10:49:00,4,18.0,10
756,35-44,Asia,Short_Video,8.4,2025-01-01 12:54:00,2025-01-01 13:02:00,15,8.0,12
448,45-54,Asia,Long_Video,9.2,2025-01-01 08:14:00,2025-01-01 08:23:00,12,9.0,8
214,18-24,North America,Short_Video,12.9,2025-01-01 13:51:00,2025-01-01 14:03:00,8,12.0,13
400,35-44,North America,Live_Stream,19.6,2025-01-01 19:50:00,2025-01-01 20:09:00,10,19.0,19
545,45-54,Asia,Live_Stream,14.1,2025-01-01 09:53:00,2025-01-01 10:07:00,9,14.0,9
261,25-34,North America,Short_Video,2.5,2025-01-01 13:12:00,2025-01-01 13:14:00,7,2.0,13
564,35-44,South America,Live_Stream,20.9,2025-01-01 15:40:00,2025-01-01 16:00:00,2,20.0,15
103,18-24,Europe,Live_Stream,17.0,2025-01-01 16:02:00,2025-01-01 16:19:00,1,17.0,16
839,45-54,Europe,Long_Video,20.0,2025-01-01 08:23:00,2025-01-01 08:43:00,20,20.0,8
996,35-44,North America,Live_Stream,19.3,2025-01-01 13:39:00,2025-01-01 13:58:00,3,19.0,13
836,18-24,Asia,Long_Video,23.2,2025-01-01 11:34:00,2025-01-01 11:57:00,2,23.0,11
369,18-24,Europe,Live_Stream,18.4,2025-01-01 17:10:00,2025-01-01 17:28:00,20,18.0,17
612,35-44,Europe,Short_Video,21.6,2025-01-01 11:36:00,2025-01-01 11:57:00,7,21.0,11
880,35-44,South America,Short_Video,4.0,2025-01-01 11:28:00,2025-01-01 11:32:00,20,4.0,11
282,18-24,South America,Short_Video,28.0,2025-01-01 17:19:00,2025-01-01 17:47:00,4,28.0,17
619,45-54,Europe,Live_Stream,5.0,2025-01-01 16:55:00,2025-01-01 17:00:00,4,5.0,16
208,45-54,North America,Short_Video,24.0,2025-01-01 12:24:00,2025-01-01 12:48:00,3,24.0,12
991,25-34,Asia,Long_Video,10.4,2025-01-01 17:21:00,2025-01-01 17:31:00,20,10.0,17
740,18-24,Europe,Long_Video,4.4,2025-01-01 16:14:00,2025-01-01 16:18:00,5,4.0,16
405,45-54,South America,Live_Stream,23.4,2025-01-01 18:37:00,2025-01-01 19:00:00,13,23.0,18
961,25-34,South America,Short_Video,14.3,2025-01-01 10:24:00,2025-01-01 10:38:00,19,14.0,10
754,35-44,South America,Short_Video,13.1,2025-01-01 19:51:00,2025-01-01 20:04:00,6,13.0,19
619,35-44,South America,Short_Video,20.5,2025-01-01 19:55:00,2025-01-01 20:15:00,4,20.0,19
723,25-34,Europe,Live_Stream,15.3,2025-01-01 19:24:00,2025-01-01 19:39:00,6,15.0,19
303,45-54,Europe,Live_Stream,16.9,2025-01-01 08:18:00,2025-01-01 08:34:00,9,16.0,8
256,45-54,Asia,Live_Stream,5.8,2025-01-01 14:25:00,2025-01-01 14:30:00,10,5.0,14
482,18-24,Europe,Short_Video,12.9,2025-01-01 17:56:00,2025-01-01 18:08:00,15,12.0,17
880,35-44,Europe,Short_Video,24.3,2025-01-01 19:19:00,2025-01-01 19:43:00,3,24.0,19
265,25-34,Europe,Short_Video,17.3,2025-01-01 16:59:00,2025-01-01 17:16:00,15,17.0,16
652,45-54,Europe,Short_Video,28.9,2025-01-01 08:44:00,2025-01-01 09:12:00,9,28.0,8
897,35-44,North America,Live_Stream,6.0,2025-01-01 12:21:00,2025-01-01 12:27:00,14,6.0,12
643,45-54,Asia,Long_Video,21.0,2025-01-01 10:54:00,2025-01-01 11:15:00,11,21.0,10
100,45-54,South America,Short_Video,27.6,2025-01-01 09:01:00,2025-01-01 09:28:00,9,27.0,9
713,25-34,Asia,Short_Video,24.3,2025-01-01 12:50:00,2025-01-01 13:14:00,6,24.0,12
431,45-54,North America,Long_Video,22.4,2025-01-01 11:25:00,2025-01-01 11:47:00,3,22.0,11
600,25-34,Asia,Long_Video,12.4,2025-01-01 19:53:00,2025-01-01 20:05:00,9,12.0,19
119,45-54,Asia,Long_Video,28.6,2025-01-01 18:32:00,2025-01-01 19:00:00,2,28.0,18
214,35-44,North America,Live_Stream,17.5,2025-01-01 12:37:00,2025-01-01 12:54:00,13,17.0,12
471,45-54,Asia,Short_Video,17.5,2025-01-01 08:54:00,2025-01-01 09:11:00,13,17.0,8
999,25-34,Asia,Short_Video,5.5,2025-01-01 15:56:00,2025-01-01 16:01:00,11,5.0,15
951,25-34,Asia,Short_Video,2.1,2025-01-01 19:10:00,2025-01-01 19:12:00,2,2.0,19
926,35-44,North America,Short_Video,18.7,2025-01-01 08:08:00,2025-01-01 08:26:00,9,18.0,8
414,45-54,Europe,Short_Video,17.0,2025-01-01 09:08:00,2025-01-01 09:25:00,9,17.0,9
345,25-34,Asia,Live_Stream,28.5,2025-01-01 14:37:00,2025-01-01 15:05:00,6,28.0,14
159,18-24,North America,Live_Stream,10.5,2025-01-01 19:16:00,2025-01-01 19:26:00,15,10.0,19
346,35-44,South America,Live_Stream,23.0,2025-01-01 12:37:00,2025-01-01 13:00:00,3,23.0,12
999,25-34,North America,Short_Video,27.3,2025-01-01 19:18:00,2025-01-01 19:45:00,16,27.0,19
680,35-44,Asia,Live_Stream,11.6,2025-01-01 19:15:00,2025-01-01 19:26:00,7,11.0,19
180,35-44,South America,Short_Video,13.6,2025-01-01 14:08:00,2025-01-01 14:21:00,20,13.0,14
187,25-34,Europe,Short_Video,20.1,2025-01-01 09:50:00,2025-01-01 10:10:00,13,20.0,9
849,25-34,South America,Short_Video,16.4,2025-01-01 08:19:00,2025-01-01 08:35:00,6,16.0,8
597,18-24,South America,Long_Video,6.5,2025-01-01 12:59:00,2025-01-01 13:05:00,16,6.0,12
935,35-44,Europe,Long_Video,8.2,2025-01-01 19:04:00,2025-01-01 19:12:00,4,8.0,19
170,35-44,North America,Live_Stream,25.4,2025-01-01 14:35:00,2025-01-01 15:00:00,5,25.0,14
878,18-24,South America,Short_Video,7.4,2025-01-01 11:56:00,2025-01-01 12:03:00,18,7.0,11
645,45-54,Europe,Live_Stream,7.1,2025-01-01 14:29:00,2025-01-01 14:36:00,14,7.0,14
884,18-24,Asia,Short_Video,24.4,2025-01-01 16:40:00,2025-01-01 17:04:00,7,24.0,16
228,35-44,South America,Long_Video,25.9,2025-01-01 09:41:00,2025-01-01 10:06:00,20,25.0,9
231,35-44,North America,Long_Video,25.8,2025-01-01 13:23:00,2025-01-01 13:48:00,4,25.0,13
775,45-54,Asia,Live_Stream,28.1,2025-01-01 16:16:00,2025-01-01 16:44:00,15,28.0,16
586,25-34,Asia,Short_Video,29.8,2025-01-01 18:11:00,2025-01-01 18:40:00,9,29.0,18
662,35-44,Asia,Long_Video,14.9,2025-01-01 17:04:00,2025-01-01 17:18:00,4,14.0,17
269,45-54,South America,Live_Stream,17.4,2025-01-01 09:30:00,2025-01-01 09:47:00,2,17.0,9
371,45-54,South America,Short_Video,10.1,2025-01-01 11:10:00,2025-01-01 11:20:00,3,10.0,11
640,25-34,North America,Short_Video,3.9,2025-01-01 11:23:00,2025-01-01 11:26:00,3,3.0,11
993,18-24,South America,Live_Stream,4.7,2025-01-01 16:32:00,2025-01-01 16:36:00,19,4.0,16
721,35-44,North America,Live_Stream,22.3,2025-01-01 15:48:00,2025-01-01 16:10:00,9,22.0,15
533,35-44,South America,Short_Video,15.6,2025-01-01 17:34:00,2025-01-01 17:49:00,15,15.0,17
316,45-54,South America,Live_Stream,11.3,2025-01-01 08:22:00,2025-01-01 08:33:00,1,11.0,8
652,45-54,Europe,Long_Video,5.6,2025-01-01 08:40:00,2025-01-01 08:45:00,16,5.0,8
873,25-34,Europe,Long_Video,20.4,2025-01-01 12:13:00,2025-01-01 12:33:00,5,20.0,12
847,35-44,South America,Long_Video,4.8,2025-01-01 17:02:00,2025-01-01 17:06:00,1,4.0,17
806,25-34,South America,Long_Video,19.3,2025-01-01 13:12:00,2025-01-01 13:31:00,2,19.0,13
305,35-44,South America,Short_Video,27.2,2025-01-01 13:41:00,2025-01-01 14:08:00,13,27.0,13
830,25-34,South America,Live_Stream,10.9,2025-01-01 16:21:00,2025-01-01 16:31:00,9,10.0,16
419,35-44,North America,Short_Video,14.6,2025-01-01 14:42:00,2025-01-01 14:56:00,5,14.0,14
508,18-24,Asia,Short_Video,19.3,2025-01-01 10:40:00,2025-01-01 10:59:00,11,19.0,10
787,25-34,North America,Live_Stream,10.6,2025-01-01 08:18:00,2025-01-01 08:28:00,13,10.0,8
765,45-54,South America,Long_Video,18.4,2025-01-01 13:55:00,2025-01-01 14:13:00,19,18.0,13
482,25-34,Europe,Short_Video,17.8,2025-01-01 19:40:00,2025-01-01 19:57:00,1,17.0,19
548,35-44,South America,Live_Stream,12.2,2025-01-01 14:00:00,2025-01-01 14:12:00,17,12.0,14
629,35-44,Asia,Live_Stream,10.9,2025-01-01 14:03:00,2025-01-01 14:13:00,16,10.0,14
562,45-54,Europe,Short_Video,14.0,2025-01-01 18:40:00,2025-01-01 18:54:00,16,14.0,18
223,45-54,South America,Short_Video,2.1,2025-01-01 13:09:00,2025-01-01 13:11:00,14,2.0,13
353,45-54,South America,Long_Video,8.9,2025-01-01 12:01:00,2025-01-01 12:09:00,13,8.0,12
330,25-34,Europe,Short_Video,8.2,2025-01-01 16:33:00,2025-01-01 16:41:00,3,8.0,16
165,25-34,North America,Long_Video,22.7,2025-01-01 12:42:00,2025-01-01 13:04:00,18,22.0,12
446,35-44,North America,Live_Stream,14.2,2025-01-01 09:03:00,2025-01-01 09:17:00,8,14.0,9
121,45-54,North America,Long_Video,25.5,2025-01-01 18:40:00,2025-01-01 19:05:00,1,25.0,18
702,45-54,Europe,Short_Video,5.8,2025-01-01 12:23:00,2025-01-01 12:28:00,13,5.0,12
667,18-24,Europe,Live_Stream,22.5,2025-01-01 14:36:00,2025-01-01 14:58:00,16,22.0,14
335,18-24,North America,Short_Video,26.6,2025-01-01 08:30:00,2025-01-01 08:56:00,4,26.0,8
702,35-44,Asia,Short_Video,15.0,2025-01-01 17:28:00,2025-01-01 17:43:00,19,15.0,17
325,45-54,South America,Short_Video,12.0,2025-01-01 12:46:00,2025-01-01 12:58:00,18,12.0,12
107,45-54,Asia,Short_Video,10.6,2025-01-01 11:50:00,2025-01-01 12:00:00,12,10.0,11
172,35-44,South America,Live_Stream,17.4,2025-01-01 10:35:00,2025-01-01 10:52:00,11,17.0,10
824,25-34,North America,Short_Video,6.9,2025-01-01 13:49:00,2025-01-01 13:55:00,10,6.0,13
746,18-24,South America,Long_Video,19.0,2025-01-01 14:42:00,2025-01-01 15:01:00,13,19.0,14
160,35-44,South America,Short_Video,25.6,2025-01-01 19:12:00,2025-01-01 19:37:00,2,25.0,19
334,45-54,South America,Short_Video,26.0,2025-01-01 10:20:00,2025-01-01 10:46:00,3,26.0,10
169,25-34,Asia,Long_Video,5.9,2025-01-01 09:29:00,2025-01-01 09:34:00,12,5.0,9
132,35-44,North America,Long_Video,17.1,2025-01-01 14:31:00,2025-01-01 14:48:00,18,17.0,14
980,45-54,Asia,Short_Video,9.4,2025-01-01 16:53:00,2025-01-01 17:02:00,11,9.0,16
438,18-24,North America,Short_Video,26.8,2025-01-01 19:34:00,2025-01-01 20:00:00,3,26.0,19
172,45-54,North America,Short_Video,4.1,2025-01-01 18:27:00,2025-01-01 18:31:00,15,4.0,18
626,25-34,Europe,Short_Video,4.1,2025-01-01 18:40:00,2025-01-01 18:44:00,10,4.0,18
343,25-34,North America,Live_Stream,2.5,2025-01-01 19:42:00,2025-01-01 19:44:00,7,2.0,19
385,18-24,Europe,Long_Video,16.2,2025-01-01 11:52:00,2025-01-01 12:08:00,6,16.0,11
785,35-44,North America,Long_Video,2.9,2025-01-01 15:07:00,2025-01-01 15:09:00,18,2.0,15
597,35-44,South America,Live_Stream,18.3,2025-01-01 12:06:00,2025-01-01 12:24:00,2,18.0,12
319,45-54,South America,Live_Stream,13.3,2025-01-01 17:46:00,2025-01-01 17:59:00,13,13.0,17
652,18-24,Europe,Live_Stream,18.5,2025-01-01 10:36:00,2025-01-01 10:54:00,7,18.0,10
235,18-24,Asia,Live_Stream,27.4,2025-01-01 15:16:00,2025-01-01 15:43:00,10,27.0,15
840,45-54,North America,Long_Video,17.4,2025-01-01 13:19:00,2025-01-01 13:36:00,13,17.0,13
684,35-44,Asia,Long_Video,17.2,2025-01-01 18:19:00,2025-01-01 18:36:00,4,17.0,18
690,18-24,Asia,Long_Video,30.0,2025-01-01 13:37:00,2025-01-01 14:07:00,12,30.0,13
584,45-54,North America,Live_Stream,15.2,2025-01-01 15:39:00,2025-01-01 15:54:00,16,15.0,15
348,18-24,North America,Long_Video,23.7,2025-01-01 17:15:00,2025-01-01 17:38:00,3,23.0,17
903,25-34,Europe,Long_Video,12.2,2025-01-01 10:14:00,2025-01-01 10:26:00,15,12.0,10
584,25-34,Europe,Short_Video,8.3,2025-01-01 11:31:00,2025-01-01 11:39:00,7,8.0,11
926,25-34,Asia,Short_Video,23.6,2025-01-01 19:08:00,2025-01-01 19:31:00,5,23.0,19
516,18-24,South America,Short_Video,22.5,2025-01-01 10:21:00,2025-01-01 10:43:00,2,22.0,10
294,45-54,Asia,Live_Stream,10.1,2025-01-01 17:54:00,2025-01-01 18:04:00,7,10.0,17
196,45-54,Europe,Live_Stream,15.0,2025-01-01 17:14:00,2025-01-01 17:29:00,1,15.0,17
199,35-44,North America,Short_Video,16.3,2025-01-01 19:40:00,2025-01-01 19:56:00,19,16.0,19
774,18-24,South America,Live_Stream,13.1,2025-01-01 11:27:00,2025-01-01 11:40:00,8,13.0,11
541,25-34,Europe,Long_Video,16.1,2025-01-01 10:21:00,2025-01-01 10:37:00,16,16.0,10
462,25-34,Asia,Live_Stream,20.6,2025-01-01 13:16:00,2025-01-01 13:36:00,13,20.0,13
533,35-44,North America,Live_Stream,25.7,2025-01-01 19:45:00,2025-01-01 20:10:00,3,25.0,19
520,35-44,North America,Live_Stream,24.6,2025-01-01 16:56:00,2025-01-01 17:20:00,18,24.0,16
578,25-34,North America,Short_Video,19.2,2025-01-01 10:18:00,2025-01-01 10:37:00,10,19.0,10
984,25-34,Asia,Long_Video,6.6,2025-01-01 15:20:00,2025-01-01 15:26:00,16,6.0,15
846,45-54,Asia,Short_Video,16.4,2025-01-01 10:28:00,2025-01-01 10:44:00,18,16.0,10
155,18-24,Europe,Live_Stream,14.5,2025-01-01 19:11:00,2025-01-01 19:25:00,15,14.0,19
789,25-34,Asia,Live_Stream,7.0,2025-01-01 17:38:00,2025-01-01 17:45:00,1,7.0,17
769,25-34,Europe,Short_Video,28.6,2025-01-01 10:41:00,2025-01-01 11:09:00,2,28.0,10
761,18-24,Asia,Live_Stream,20.5,2025-01-01 13:25:00,2025-01-01 13:45:00,11,20.0,13
200,35-44,Asia,Short_Video,29.1,2025-01-01 09:09:00,2025-01-01 09:38:00,2,29.0,9
162,35-44,North America,Live_Stream,22.6,2025-01-01 17:30:00,2025-01-01 17:52:00,11,22.0,17
512,45-54,North America,Live_Stream,15.5,2025-01-01 17:05:00,2025-01-01 17:20:00,2,15.0,17
845,25-34,South America,Long_Video,12.0,2025-01-01 10:01:00,2025-01-01 10:13:00,13,12.0,10
447,45-54,South America,Live_Stream,8.1,2025-01-01 11:08:00,2025-01-01 11:16:00,4,8.0,11
919,35-44,North America,Live_Stream,15.7,2025-01-01 13:25:00,2025-01-01 13:40:00,7,15.0,13
982,25-34,Europe,Short_Video,3.8,2025-01-01 10:29:00,2025-01-01 10:32:00,17,3.0,10
211,35-44,Asia,Long_Video,12.3,2025-01-01 08:30:00,2025-01-01 08:42:00,15,12.0,8
354,35-44,North America,Live_Stream,3.2,2025-01-01 13:26:00,2025-01-01 13:29:00,18,3.0,13
296,35-44,Asia,Live_Stream,7.8,2025-01-01 15:03:00,2025-01-01 15:10:00,5,7.0,15
294,18-24,North America,Live_Stream,27.4,2025-01-01 15:01:00,2025-01-01 15:28:00,19,27.0,15
649,35-44,Asia,Short_Video,12.1,2025-01-01 13:10:00,2025-01-01 13:22:00,8,12.0,13
559,25-34,Asia,Live_Stream,15.2,2025-01-01 15:33:00,2025-01-01 15:48:00,3,15.0,15
243,45-54,Asia,Live_Stream,14.7,2025-01-01 18:52:00,2025-01-01 19:06:00,2,14.0,18
532,25-34,North America,Long_Video,3.3,2025-01-01 12:40:00,2025-01-01 12:43:00,5,3.0,12
287,45-54,Europe,Long_Video,29.5,2025-01-01 10:35:00,2025-01-01 11:04:00,16,29.0,10
385,35-44,Asia,Short_Video,11.1,2025-01-01 11:12:00,2025-01-01 11:23:00,1,11.0,11
573,25-34,North America,Live_Stream,21.7,2025-01-01 09:49:00,2025-01-01 10:10:00,16,21.0,9
355,35-44,North America,Live_Stream,16.6,2025-01-01 10:14:00,2025-01-01 10:30:00,20,16.0,10
995,35-44,Asia,Long_Video,25.2,2025-01-01 11:09:00,2025-01-01 11:34:00,2,25.0,11
177,35-44,North America,Short_Video,25.4,2025-01-01 08:26:00,2025-01-01 08:51:00,8,25.0,8
553,35-44,Asia,Long_Video,9.4,2025-01-01 18:26:00,2025-01-01 18:35:00,5,9.0,18
927,35-44,South America,Short_Video,17.2,2025-01-01 18:31:00,2025-01-01 18:48:00,1,17.0,18
982,45-54,Europe,Short_Video,6.9,2025-01-01 12:33:00,2025-01-01 12:39:00,6,6.0,12
976,35-44,Asia,Short_Video,20.3,2025-01-01 18:20:00,2025-01-01 18:40:00,2,20.0,18
663,45-54,Europe,Long_Video,12.2,2025-01-01 17:40:00,2025-01-01 17:52:00,10,12.0,17
200,35-44,North America,Short_Video,20.3,2025-01-01 18:27:00,2025-01-01 18:47:00,4,20.0,18
151,25-34,Europe,Live_Stream,25.4,2025-01-01 11:56:00,2025-01-01 12:21:00,15,25.0,11
767,25-34,South America,Short_Video,16.5,2025-01-01 18:10:00,2025-01-01 18:26:00,20,16.0,18
653,35-44,Asia,Short_Video,12.5,2025-01-01 11:57:00,2025-01-01 12:09:00,6,12.0,11
956,35-44,Europe,Live_Stream,27.4,2025-01-01 11:56:00,2025-01-01 12:23:00,19,27.0,11
115,18-24,South America,Live_Stream,16.5,2025-01-01 19:43:00,2025-01-01 19:59:00,3,16.0,19
195,25-34,Asia,Live_Stream,11.9,2025-01-01 08:26:00,2025-01-01 08:37:00,4,11.0,8
871,35-44,Asia,Short_Video,26.3,2025-01-01 14:07:00,2025-01-01 14:33:00,4,26.0,14
969,18-24,North America,Short_Video,15.6,2025-01-01 09:21:00,2025-01-01 09:36:00,16,15.0,9
342,18-24,Europe,Long_Video,15.5,2025-01-01 19:44:00,2025-01-01 19:59:00,20,15.0,19
270,35-44,North America,Live_Stream,18.9,2025-01-01 16:08:00,2025-01-01 16:26:00,20,18.0,16
516,45-54,South America,Live_Stream,16.1,2025-01-01 10:17:00,2025-01-01 10:33:00,8,16.0,10
597,35-44,South America,Live_Stream,5.9,2025-01-01 16:34:00,2025-01-01 16:39:00,3,5.0,16
592,45-54,North America,Live_Stream,6.6,2025-01-01 18:19:00,2025-01-01 18:25:00,7,6.0,18
318,45-54,South America,Live_Stream,4.2,2025-01-01 16:00:00,2025-01-01 16:04:00,14,4.0,16
985,25-34,North America,Long_Video,20.0,2025-01-01 19:05:00,2025-01-01 19:25:00,11,20.0,19
510,45-54,Europe,Live_Stream,7.9,2025-01-01 14:22:00,2025-01-01 14:29:00,13,7.0,14
160,25-34,South America,Long_Video,7.2,2025-01-01 11:08:00,2025-01-01 11:15:00,11,7.0,11
268,45-54,South America,Short_Video,12.1,2025-01-01 14:36:00,2025-01-01 14:48:00,4,12.0,14
488,35-44,South America,Short_Video,22.1,2025-01-01 16:23:00,2025-01-01 16:45:00,19,22.0,16
102,25-34,Asia,Short_Video,5.3,2025-01-01 16:05:00,2025-01-01 16:10:00,18,5.0,16
499,18-24,Europe,Short_Video,8.4,2025-01-01 10:20:00,2025-01-01 10:28:00,5,8.0,10
371,45-54,South America,Live_Stream,24.7,2025-01-01 10:47:00,2025-01-01 11:11:00,11,24.0,10
902,18-24,Europe,Live_Stream,22.2,2025-01-01 11:17:00,2025-01-01 11:39:00,7,22.0,11
903,45-54,South America,Live_Stream,15.5,2025-01-01 11:51:00,2025-01-01 12:06:00,2,15.0,11
565,45-54,South America,Long_Video,15.4,2025-01-01 08:33:00,2025-01-01 08:48:00,19,15.0,8
392,35-44,Europe,Short_Video,7.9,2025-01-01 14:58:00,2025-01-01 15:05:00,6,7.0,14
533,45-54,Asia,Live_Stream,6.5,2025-01-01 08:15:00,2025-01-01 08:21:00,11,6.0,8
813,45-54,Asia,Live_Stream,25.3,2025-01-01 12:36:00,2025-01-01 13:01:00,3,25.0,12
848,45-54,Asia,Live_Stream,2.6,2025-01-01 15:02:00,2025-01-01 15:04:00,4,2.0,15
902,25-34,Asia,Live_Stream,3.2,2025-01-01 11:47:00,2025-01-01 11:50:00,9,3.0,11
669,45-54,Europe,Short_Video,18.1,2025-01-01 19:27:00,2025-01-01 19:45:00,5,18.0,19
777,18-24,North America,Long_Video,6.5,2025-01-01 11:27:00,2025-01-01 11:33:00,14,6.0,11
835,35-44,Asia,Short_Video,19.6,2025-01-01 11:29:00,2025-01-01 11:48:00,6,19.0,11
598,25-34,Asia,Short_Video,3.1,2025-01-01 09:07:00,2025-01-01 09:10:00,12,3.0,9
258,35-44,Asia,Live_Stream,18.0,2025-01-01 11:01:00,2025-01-01 11:19:00,18,18.0,11
294,35-44,North America,Short_Video,3.6,2025-01-01 15:29:00,2025-01-01 15:32:00,6,3.0,15
403,35-44,North America,Live_Stream,9.2,2025-01-01 18:31:00,2025-01-01 18:40:00,15,9.0,18
322,45-54,North America,Live_Stream,7.0,2025-01-01 16:21:00,2025-01-01 16:28:00,8,7.0,16
159,45-54,Europe,Live_Stream,28.8,2025-01-01 19:44:00,2025-01-01 20:12:00,19,28.0,19
693,18-24,Asia,Long_Video,18.8,2025-01-01 13:32:00,2025-01-01 13:50:00,2,18.0,13
853,18-24,Asia,Live_Stream,17.8,2025-01-01 15:48:00,2025-01-01 16:05:00,5,17.0,15
655,18-24,Asia,Live_Stream,2.5,2025-01-01 12:12:00,2025-01-01 12:14:00,4,2.0,12
162,45-54,South America,Short_Video,22.1,2025-01-01 15:17:00,2025-01-01 15:39:00,20,22.0,15
865,35-44,North America,Long_Video,20.5,2025-01-01 14:54:00,2025-01-01 15:14:00,13,20.0,14
421,45-54,Europe,Live_Stream,9.9,2025-01-01 08:42:00,2025-01-01 08:51:00,6,9.0,8
158,18-24,Europe,Live_Stream,4.4,2025-01-01 18:22:00,2025-01-01 18:26:00,1,4.0,18
151,18-24,South America,Short_Video,14.6,2025-01-01 14:29:00,2025-01-01 14:43:00,16,14.0,14
698,45-54,Asia,Long_Video,29.8,2025-01-01 13:20:00,2025-01-01 13:49:00,3,29.0,13
588,45-54,North America,Live_Stream,26.3,2025-01-01 14:43:00,2025-01-01 15:09:00,1,26.0,14
614,25-34,South America,Short_Video,6.8,2025-01-01 18:26:00,2025-01-01 18:32:00,1,6.0,18
973,25-34,Europe,Live_Stream,25.3,2025-01-01 17:45:00,2025-01-01 18:10:00,6,25.0,17
643,18-24,South America,Short_Video,18.8,2025-01-01 18:08:00,2025-01-01 18:26:00,3,18.0,18
261,45-54,South America,Live_Stream,24.2,2025-01-01 17:09:00,2025-01-01 17:33:00,19,24.0,17
158,25-34,North America,Short_Video,25.0,2025-01-01 16:57:00,2025-01-01 17:22:00,10,25.0,16
620,25-34,North America,Live_Stream,7.1,2025-01-01 18:56:00,2025-01-01 19:03:00,14,7.0,18
182,18-24,North America,Short_Video,20.5,2025-01-01 08:39:00,2025-01-01 08:59:00,16,20.0,8
971,45-54,North America,Live_Stream,9.4,2025-01-01 16:53:00,2025-01-01 17:02:00,5,9.0,16
290,18-24,Asia,Long_Video,22.3,2025-01-01 09:51:00,2025-01-01 10:13:00,7,22.0,9
170,25-34,Asia,Live_Stream,11.6,2025-01-01 15:42:00,2025-01-01 15:53:00,5,11.0,15
709,35-44,North America,Long_Video,14.7,2025-01-01 15:47:00,2025-01-01 16:01:00,9,14.0,15
169,35-44,Asia,Short_Video,18.5,2025-01-01 08:43:00,2025-01-01 09:01:00,17,18.0,8
791,45-54,Europe,Short_Video,8.4,2025-01-01 12:11:00,2025-01-01 12:19:00,15,8.0,12
982,25-34,North America,Short_Video,12.8,2025-01-01 16:51:00,2025-01-01 17:03:00,14,12.0,16
340,35-44,North America,Short_Video,5.0,2025-01-01 17:10:00,2025-01-01 17:15:00,8,5.0,17
513,18-24,South America,Short_Video,7.7,2025-01-01 14:45:00,2025-01-01 14:52:00,6,7.0,14
222,25-34,North America,Short_Video,26.1,2025-01-01 08:40:00,2025-01-01 09:06:00,20,26.0,8
683,18-24,Asia,Long_Video,16.1,2025-01-01 17:31:00,2025-01-01 17:47:00,2,16.0,17
352,25-34,Europe,Live_Stream,13.8,2025-01-01 14:36:00,2025-01-01 14:49:00,20,13.0,14
692,25-34,South America,Live_Stream,6.2,2025-01-01 16:48:00,2025-01-01 16:54:00,6,6.0,16
708,45-54,Asia,Live_Stream,4.7,2025-01-01 18:45:00,2025-01-01 18:49:00,16,4.0,18
140,18-24,Europe,Long_Video,15.3,2025-01-01 08:50:00,2025-01-01 09:05:00,20,15.0,8
734,25-34,Asia,Long_Video,19.2,2025-01-01 11:14:00,2025-01-01 11:33:00,3,19.0,11
183,25-34,Asia,Long_Video,3.1,2025-01-01 12:58:00,2025-01-01 13:01:00,10,3.0,12
529,45-54,Europe,Short_Video,23.9,2025-01-01 15:30:00,2025-01-01 15:53:00,12,23.0,15
773,45-54,Europe,Long_Video,16.1,2025-01-01 14:47:00,2025-01-01 15:03:00,14,16.0,14
697,18-24,North America,Live_Stream,5.3,2025-01-01 13:11:00,2025-01-01 13:16:00,1,5.0,13
678,35-44,Asia,Long_Video,15.5,2025-01-01 12:52:00,2025-01-01 13:07:00,18,15.0,12
635,35-44,North America,Live_Stream,5.6,2025-01-01 15:52:00,2025-01-01 15:57:00,8,5.0,15
423,45-54,Europe,Short_Video,18.9,2025-01-01 10:50:00,2025-01-01 11:08:00,7,18.0,10
367,25-34,North America,Short_Video,25.2,2025-01-01 15:12:00,2025-01-01 15:37:00,4,25.0,15
309,25-34,South America,Live_Stream,27.1,2025-01-01 13:01:00,2025-01-01 13:28:00,17,27.0,13
785,18-24,South America,Short_Video,23.7,2025-01-01 18:27:00,2025-01-01 18:50:00,4,23.0,18
833,18-24,South America,Short_Video,20.2,2025-01-01 08:55:00,2025-01-01 09:15:00,20,20.0,8
421,45-54,Asia,Live_Stream,16.6,2025-01-01 19:46:00,2025-01-01 20:02:00,12,16.0,19
344,25-34,Europe,Short_Video,12.4,2025-01-01 16:49:00,2025-01-01 17:01:00,18,12.0,16
371,35-44,Europe,Short_Video,3.2,2025-01-01 10:25:00,2025-01-01 10:28:00,17,3.0,10
505,35-44,South America,Long_Video,16.8,2025-01-01 15:54:00,2025-01-01 16:10:00,8,16.0,15
234,35-44,South America,Live_Stream,8.4,2025-01-01 19:01:00,2025-01-01 19:09:00,15,8.0,19
787,18-24,Asia,Long_Video,24.5,2025-01-01 15:42:00,2025-01-01 16:06:00,7,24.0,15
760,45-54,South America,Live_Stream,24.1,2025-01-01 09:32:00,2025-01-01 09:56:00,9,24.0,9
407,18-24,Europe,Short_Video,12.7,2025-01-01 16:32:00,2025-01-01 16:44:00,2,12.0,16
568,18-24,Europe,Long_Video,18.5,2025-01-01 09:55:00,2025-01-01 10:13:00,7,18.0,9
423,35-44,North America,Long_Video,22.8,2025-01-01 11:04:00,2025-01-01 11:26:00,4,22.0,11
869,18-24,Europe,Long_Video,23.3,2025-01-01 17:59:00,2025-01-01 18:22:00,5,23.0,17
174,45-54,South America,Short_Video,21.5,2025-01-01 19:52:00,2025-01-01 20:13:00,16,21.0,19
109,18-24,Europe,Live_Stream,4.7,2025-01-01 17:19:00,2025-01-01 17:23:00,16,4.0,17
569,18-24,South America,Short_Video,5.7,2025-01-01 10:18:00,2025-01-01 10:23:00,6,5.0,10
736,45-54,Europe,Live_Stream,15.4,2025-01-01 14:42:00,2025-01-01 14:57:00,6,15.0,14
676,25-34,Asia,Short_Video,8.5,2025-01-01 15:03:00,2025-01-01 15:11:00,2,8.0,15
202,18-24,South America,Short_Video,26.1,2025-01-01 13:31:00,2025-01-01 13:57:00,2,26.0,13
175,45-54,South America,Short_Video,9.9,2025-01-01 15:41:00,2025-01-01 15:50:00,12,9.0,15
650,18-24,Asia,Short_Video,26.5,2025-01-01 08:25:00,2025-01-01 08:51:00,10,26.0,8
318,45-54,South America,Live_Stream,13.4,2025-01-01 11:03:00,2025-01-01 11:16:00,7,13.0,11
618,18-24,Asia,Live_Stream,7.3,2025-01-01 15:44:00,2025-01-01 15:51:00,14,7.0,15
371,18-24,North America,Live_Stream,21.9,2025-01-01 18:04:00,2025-01-01 18:25:00,9,21.0,18
235,25-34,North America,Short_Video,24.1,2025-01-01 11:26:00,2025-01-01 11:50:00,11,24.0,11
457,18-24,North America,Short_Video,18.2,2025-01-01 15:45:00,2025-01-01 16:03:00,20,18.0,15
170,35-44,Asia,Short_Video,5.3,2025-01-01 09:32:00,2025-01-01 09:37:00,15,5.0,9
350,18-24,South America,Short_Video,2.2,2025-01-01 12:16:00,2025-01-01 12:18:00,2,2.0,12
478,18-24,South America,Long_Video,20.3,2025-01-01 13:31:00,2025-01-01 13:51:00,4,20.0,13
391,45-54,North America,Live_Stream,21.3,2025-01-01 19:48:00,2025-01-01 20:09:00,2,21.0,19
261,18-24,Asia,Short_Video,10.8,2025-01-01 19:04:00,2025-01-01 19:14:00,18,10.0,19
548,25-34,North America,Long_Video,12.1,2025-01-01 10:47:00,2025-01-01 10:59:00,6,12.0,10
953,18-24,Europe,Long_Video,6.3,2025-01-01 10:06:00,2025-01-01 10:12:00,6,6.0,10
656,18-24,Asia,Short_Video,20.2,2025-01-01 09:33:00,2025-01-01 09:53:00,1,20.0,9
820,35-44,Asia,Long_Video,9.1,2025-01-01 09:56:00,2025-01-01 10:05:00,16,9.0,9
409,35-44,South America,Long_Video,25.9,2025-01-01 15:40:00,2025-01-01 16:05:00,17,25.0,15
726,35-44,North America,Short_Video,13.9,2025-01-01 18:49:00,2025-01-01 19:02:00,4,13.0,18
926,25-34,South America,Short_Video,12.2,2025-01-01 14:11:00,2025-01-01 14:23:00,3,12.0,14
769,45-54,Asia,Short_Video,9.7,2025-01-01 09:27:00,2025-01-01 09:36:00,8,9.0,9
641,35-44,Asia,Short_Video,21.1,2025-01-01 16:56:00,2025-01-01 17:17:00,15,21.0,16
108,18-24,Europe,Short_Video,23.1,2025-01-01 14:33:00,2025-01-01 14:56:00,19,23.0,14
783,35-44,South America,Live_Stream,13.6,2025-01-01 16:43:00,2025-01-01 16:56:00,19,13.0,16
936,45-54,Europe,Short_Video,23.9,2025-01-01 18:26:00,2025-01-01 18:49:00,11,23.0,18
667,18-24,South America,Long_Video,15.5,2025-01-01 10:43:00,2025-01-01 10:58:00,14,15.0,10
406,45-54,North America,Long_Video,12.4,2025-01-01 14:27:00,2025-01-01 14:39:00,7,12.0,14
779,45-54,South America,Long_Video,17.5,2025-01-01 17:23:00,2025-01-01 17:40:00,11,17.0,17
206,35-44,South America,Short_Video,9.1,2025-01-01 14:29:00,2025-01-01 14:38:00,8,9.0,14
999,25-34,North America,Long_Video,10.6,2025-01-01 08:44:00,2025-01-01 08:54:00,4,10.0,8
237,45-54,South America,Short_Video,11.6,2025-01-01 10:54:00,2025-01-01 11:05:00,11,11.0,10
370,18-24,Europe,Live_Stream,21.8,2025-01-01 13:43:00,2025-01-01 14:04:00,8,21.0,13
218,25-34,North America,Long_Video,22.6,2025-01-01 17:39:00,2025-01-01 18:01:00,4,22.0,17
209,25-34,Asia,Long_Video,25.9,2025-01-01 19:15:00,2025-01-01 19:40:00,8,25.0,19
860,35-44,North America,Short_Video,20.5,2025-01-01 10:33:00,2025-01-01 10:53:00,14,20.0,10
666,25-34,South America,Long_Video,22.9,2025-01-01 10:46:00,2025-01-01 11:08:00,7,22.0,10
259,45-54,Asia,Short_Video,14.5,2025-01-01 10:28:00,2025-01-01 10:42:00,13,14.0,10
378,18-24,South America,Short_Video,21.6,2025-01-01 11:03:00,2025-01-01 11:24:00,8,21.0,11
388,18-24,Europe,Short_Video,6.5,2025-01-01 08:52:00,2025-01-01 08:58:00,3,6.0,8
719,35-44,Asia,Live_Stream,8.0,2025-01-01 15:09:00,2025-01-01 15:17:00,16,8.0,15
315,18-24,Europe,Live_Stream,13.2,2025-01-01 13:15:00,2025-01-01 13:28:00,19,13.0,13
834,25-34,Europe,Short_Video,11.5,2025-01-01 13:16:00,2025-01-01 13:27:00,16,11.0,13
451,35-44,Asia,Long_Video,17.4,2025-01-01 15:36:00,2025-01-01 15:53:00,2,17.0,15
308,35-44,Europe,Long_Video,21.5,2025-01-01 12:55:00,2025-01-01 13:16:00,14,21.0,12
803,25-34,North America,Live_Stream,21.8,2025-01-01 18:41:00,2025-01-01 19:02:00,5,21.0,18
749,45-54,South America,Long_Video,6.5,2025-01-01 11:05:00,2025-01-01 11:11:00,7,6.0,11
973,35-44,Europe,Long_Video,29.0,2025-01-01 10:00:00,2025-01-01 10:29:00,20,29.0,10
370,25-34,South America,Live_Stream,2.1,2025-01-01 10:14:00,2025-01-01 10:16:00,15,2.0,10
617,35-44,South America,Live_Stream,4.6,2025-01-01 11:27:00,2025-01-01 11:31:00,6,4.0,11
600,18-24,Europe,Long_Video,6.1,2025-01-01 08:03:00,2025-01-01 08:09:00,13,6.0,8
357,35-44,Europe,Long_Video,27.9,2025-01-01 18:37:00,2025-01-01 19:04:00,12,27.0,18
966,45-54,Asia,Live_Stream,14.2,2025-01-01 12:19:00,2025-01-01 12:33:00,5,14.0,12
152,35-44,North America,Long_Video,3.8,2025-01-01 08:12:00,2025-01-01 08:15:00,15,3.0,8
194,45-54,North America,Live_Stream,8.2,2025-01-01 15:49:00,2025-01-01 15:57:00,7,8.0,15
749,35-44,Europe,Long_Video,4.2,2025-01-01 16:29:00,2025-01-01 16:33:00,12,4.0,16
533,18-24,South America,Short_Video,3.1,2025-01-01 16:30:00,2025-01-01 16:33:00,9,3.0,16
949,25-34,Asia,Live_Stream,12.8,2025-01-01 17:16:00,2025-01-01 17:28:00,7,12.0,17
383,18-24,Europe,Live_Stream,29.6,2025-01-01 08:05:00,2025-01-01 08:34:00,11,29.0,8
145,25-34,North America,Long_Video,19.2,2025-01-01 18:22:00,2025-01-01 18:41:00,5,19.0,18
103,25-34,Europe,Live_Stream,16.6,2025-01-01 16:25:00,2025-01-01 16:41:00,2,16.0,16
441,25-34,Europe,Live_Stream,21.9,2025-01-01 12:03:00,2025-01-01 12:24:00,19,21.0,12
889,18-24,South America,Live_Stream,18.7,2025-01-01 11:42:00,2025-01-01 12:00:00,2,18.0,11
233,25-34,Europe,Long_Video,28.5,2025-01-01 18:02:00,2025-01-01 18:30:00,9,28.0,18
752,35-44,Asia,Short_Video,25.0,2025-01-01 19:15:00,2025-01-01 19:40:00,5,25.0,19
368,25-34,Asia,Live_Stream,19.9,2025-01-01 16:07:00,2025-01-01 16:26:00,4,19.0,16
265,18-24,Europe,Short_Video,14.3,2025-01-01 15:44:00,2025-01-01 15:58:00,15,14.0,15
859,45-54,South America,Live_Stream,7.6,2025-01-01 14:59:00,2025-01-01 15:06:00,15,7.0,14
552,18-24,South America,Live_Stream,20.4,2025-01-01 15:32:00,2025-01-01 15:52:00,14,20.0,15
664,45-54,Asia,Live_Stream,24.5,2025-01-01 09:21:00,2025-01-01 09:45:00,6,24.0,9
822,18-24,Europe,Short_Video,10.0,2025-01-01 18:15:00,2025-01-01 18:25:00,11,10.0,18
537,18-24,North America,Long_Video,2.9,2025-01-01 18:14:00,2025-01-01 18:16:00,8,2.0,18
674,35-44,South America,Live_Stream,18.8,2025-01-01 08:06:00,2025-01-01 08:24:00,10,18.0,8
109,45-54,North America,Long_Video,16.4,2025-01-01 12:10:00,2025-01-01 12:26:00,20,16.0,12
214,35-44,Asia,Live_Stream,8.5,2025-01-01 17:20:00,2025-01-01 17:28:00,6,8.0,17
177,35-44,Europe,Long_Video,6.7,2025-01-01 12:44:00,2025-01-01 12:50:00,20,6.0,12
807,35-44,South America,Live_Stream,3.0,2025-01-01 18:34:00,2025-01-01 18:37:00,6,3.0,18
252,25-34,Asia,Short_Video,8.7,2025-01-01 18:43:00,2025-01-01 18:51:00,19,8.0,18
658,18-24,Asia,Live_Stream,2.0,2025-01-01 17:30:00,2025-01-01 17:32:00,18,2.0,17
136,25-34,North America,Live_Stream,6.4,2025-01-01 11:32:00,2025-01-01 11:38:00,8,6.0,11
954,35-44,North America,Short_Video,29.9,2025-01-01 08:50:00,2025-01-01 09:19:00,3,29.0,8
478,45-54,South America,Long_Video,23.8,2025-01-01 11:09:00,2025-01-01 11:32:00,14,23.0,11
696,45-54,South America,Long_Video,11.9,2025-01-01 10:31:00,2025-01-01 10:42:00,17,11.0,10
665,35-44,Asia,Short_Video,13.1,2025-01-01 08:56:00,2025-01-01 09:09:00,16,13.0,8
251,45-54,South America,Short_Video,18.4,2025-01-01 19:08:00,2025-01-01 19:26:00,7,18.0,19
540,35-44,Europe,Long_Video,16.5,2025-01-01 13:57:00,2025-01-01 14:13:00,19,16.0,13
230,25-34,South America,Live_Stream,22.6,2025-01-01 08:37:00,2025-01-01 08:59:00,16,22.0,8
142,35-44,North America,Live_Stream,3.9,2025-01-01 10:28:00,2025-01-01 10:31:00,15,3.0,10
415,18-24,Asia,Long_Video,4.5,2025-01-01 08:33:00,2025-01-01 08:37:00,9,4.0,8
473,35-44,North America,Long_Video,10.0,2025-01-01 19:23:00,2025-01-01 19:33:00,1,10.0,19
915,18-24,Asia,Long_Video,25.2,2025-01-01 17:51:00,2025-01-01 18:16:00,14,25.0,17
981,18-24,Europe,Long_Video,27.6,2025-01-01 18:17:00,2025-01-01 18:44:00,8,27.0,18
140,45-54,Asia,Short_Video,11.7,2025-01-01 13:05:00,2025-01-01 13:16:00,8,11.0,13
466,25-34,Asia,Long_Video,29.0,2025-01-01 13:39:00,2025-01-01 14:08:00,11,29.0,13
315,45-54,Asia,Live_Stream,9.7,2025-01-01 09:29:00,2025-01-01 09:38:00,14,9.0,9
798,35-44,Europe,Live_Stream,19.0,2025-01-01 08:50:00,2025-01-01 09:09:00,19,19.0,8
355,45-54,Europe,Live_Stream,7.4,2025-01-01 09:51:00,2025-01-01 09:58:00,8,7.0,9
782,45-54,North America,Long_Video,28.0,2025-01-01 15:06:00,2025-01-01 15:34:00,19,28.0,15
205,45-54,Asia,Short_Video,18.1,2025-01-01 11:02:00,2025-01-01 11:20:00,5,18.0,11
462,45-54,North America,Short_Video,9.3,2025-01-01 10:45:00,2025-01-01 10:54:00,19,9.0,10
898,35-44,Asia,Long_Video,13.4,2025-01-01 19:28:00,2025-01-01 19:41:00,1,13.0,19
673,35-44,Europe,Long_Video,5.0,2025-01-01 12:51:00,2025-01-01 12:56:00,14,5.0,12
995,18-24,South America,Long_Video,4.0,2025-01-01 18:25:00,2025-01-01 18:29:00,2,4.0,18
516,45-54,North America,Long_Video,10.2,2025-01-01 19:16:00,2025-01-01 19:26:00,2,10.0,19
735,45-54,South America,Long_Video,28.5,2025-01-01 19:48:00,2025-01-01 20:16:00,16,28.0,19
867,25-34,Asia,Long_Video,24.5,2025-01-01 19:56:00,2025-01-01 20:20:00,17,24.0,19
258,18-24,South America,Short_Video,28.8,2025-01-01 18:09:00,2025-01-01 18:37:00,2,28.0,18
342,35-44,South America,Short_Video,26.5,2025-01-01 17:46:00,2025-01-01 18:12:00,14,26.0,17
985,25-34,North America,Short_Video,24.8,2025-01-01 17:35:00,2025-01-01 17:59:00,17,24.0,17
266,25-34,North America,Long_Video,18.1,2025-01-01 11:01:00,2025-01-01 11:19:00,13,18.0,11
919,18-24,North America,Live_Stream,21.4,2025-01-01 15:46:00,2025-01-01 16:07:00,16,21.0,15
930,45-54,North America,Short_Video,29.0,2025-01-01 17:52:00,2025-01-01 18:21:00,4,29.0,17
281,35-44,Asia,Live_Stream,17.8,2025-01-01 14:08:00,2025-01-01 14:25:00,15,17.0,14
522,25-34,South America,Short_Video,23.6,2025-01-01 08:36:00,2025-01-01 08:59:00,16,23.0,8
125,18-24,Europe,Short_Video,23.2,2025-01-01 09:35:00,2025-01-01 09:58:00,8,23.0,9
283,35-44,Europe,Live_Stream,28.9,2025-01-01 13:06:00,2025-01-01 13:34:00,3,28.0,13
854,18-24,Europe,Live_Stream,14.8,2025-01-01 13:30:00,2025-01-01 13:44:00,18,14.0,13
440,35-44,Europe,Live_Stream,14.9,2025-01-01 14:17:00,2025-01-01 14:31:00,1,14.0,14
901,18-24,Asia,Short_Video,18.4,2025-01-01 14:28:00,2025-01-01 14:46:00,14,18.0,14
521,25-34,South America,Live_Stream,2.8,2025-01-01 09:09:00,2025-01-01 09:11:00,7,2.0,9
921,25-34,North America,Short_Video,5.3,2025-01-01 15:17:00,2025-01-01 15:22:00,5,5.0,15
785,25-34,Asia,Short_Video,3.9,2025-01-01 17:23:00,2025-01-01 17:26:00,12,3.0,17
984,35-44,South America,Long_Video,19.7,2025-01-01 09:06:00,2025-01-01 09:25:00,10,19.0,9
852,45-54,Asia,Live_Stream,29.8,2025-01-01 12:59:00,2025-01-01 13:28:00,8,29.0,12
930,35-44,South America,Short_Video,21.0,2025-01-01 16:02:00,2025-01-01 16:23:00,3,21.0,16
354,18-24,South America,Live_Stream,8.4,2025-01-01 10:17:00,2025-01-01 10:25:00,1,8.0,10
373,18-24,North America,Short_Video,10.8,2025-01-01 10:04:00,2025-01-01 10:14:00,16,10.0,10
263,18-24,Europe,Live_Stream,28.8,2025-01-01 19:51:00,2025-01-01 20:19:00,10,28.0,19
906,35-44,Asia,Long_Video,16.5,2025-01-01 12:41:00,2025-01-01 12:57:00,6,16.0,12
818,35-44,North America,Live_Stream,2.3,2025-01-01 13:37:00,2025-01-01 13:39:00,15,2.0,13
210,25-34,North America,Short_Video,25.3,2025-01-01 16:59:00,2025-01-01 17:24:00,19,25.0,16
491,35-44,North America,Long_Video,9.0,2025-01-01 15:03:00,2025-01-01 15:12:00,19,9.0,15
993,25-34,Europe,Long_Video,4.6,2025-01-01 16:57:00,2025-01-01 17:01:00,1,4.0,16
139,25-34,Europe,Short_Video,20.9,2025-01-01 11:34:00,2025-01-01 11:54:00,15,20.0,11
979,25-34,South America,Short_Video,25.0,2025-01-01 19:52:00,2025-01-01 20:17:00,15,25.0,19
581,45-54,Asia,Live_Stream,4.1,2025-01-01 11:34:00,2025-01-01 11:38:00,5,4.0,11
327,18-24,South America,Live_Stream,28.1,2025-01-01 18:26:00,2025-01-01 18:54:00,13,28.0,18
304,25-34,North America,Live_Stream,15.3,2025-01-01 08:59:00,2025-01-01 09:14:00,6,15.0,8
936,25-34,Asia,Live_Stream,11.9,2025-01-01 09:51:00,2025-01-01 10:02:00,12,11.0,9
571,35-44,North America,Live_Stream,27.0,2025-01-01 17:45:00,2025-01-01 18:12:00,15,27.0,17
458,25-34,North America,Long_Video,9.5,2025-01-01 18:44:00,2025-01-01 18:53:00,1,9.0,18
412,35-44,South America,Short_Video,28.5,2025-01-01 17:01:00,2025-01-01 17:29:00,3,28.0,17
940,18-24,South America,Short_Video,21.1,2025-01-01 09:29:00,2025-01-01 09:50:00,13,21.0,9
914,25-34,Europe,Long_Video,27.5,2025-01-01 16:15:00,2025-01-01 16:42:00,11,27.0,16
992,35-44,North America,Short_Video,16.0,2025-01-01 19:45:00,2025-01-01 20:01:00,17,16.0,19
333,18-24,North America,Live_Stream,7.6,2025-01-01 18:19:00,2025-01-01 18:26:00,2,7.0,18
328,25-34,South America,Live_Stream,22.6,2025-01-01 12:54:00,2025-01-01 13:16:00,10,22.0,12
124,18-24,South America,Short_Video,26.4,2025-01-01 15:17:00,2025-01-01 15:43:00,14,26.0,15
775,18-24,Asia,Short_Video,7.8,2025-01-01 18:23:00,2025-01-01 18:30:00,9,7.0,18
297,25-34,North America,Live_Stream,7.7,2025-01-01 13:24:00,2025-01-01 13:31:00,20,7.0,13
508,25-34,South America,Live_Stream,9.0,2025-01-01 12:25:00,2025-01-01 12:34:00,18,9.0,12
436,18-24,Europe,Short_Video,19.3,2025-01-01 16:58:00,2025-01-01 17:17:00,19,19.0,16
385,35-44,South America,Long_Video,6.4,2025-01-01 17:48:00,2025-01-01 17:54:00,7,6.0,17
985,18-24,Asia,Live_Stream,5.0,2025-01-01 18:38:00,2025-01-01 18:43:00,3,5.0,18
171,25-34,South America,Live_Stream,27.8,2025-01-01 14:02:00,2025-01-01 14:29:00,20,27.0,14
891,35-44,Asia,Short_Video,20.9,2025-01-01 10:12:00,2025-01-01 10:32:00,11,20.0,10
385,35-44,Europe,Live_Stream,20.6,2025-01-01 18:29:00,2025-01-01 18:49:00,2,20.0,18
459,45-54,North America,Long_Video,19.2,2025-01-01 17:36:00,2025-01-01 17:55:00,17,19.0,17
756,45-54,North America,Long_Video,23.4,2025-01-01 16:28:00,2025-01-01 16:51:00,12,23.0,16
621,18-24,North America,Short_Video,17.2,2025-01-01 16:52:00,2025-01-01 17:09:00,2,17.0,16
509,45-54,South America,Short_Video,3.2,2025-01-01 18:47:00,2025-01-01 18:50:00,4,3.0,18
795,18-24,Europe,Long_Video,15.5,2025-01-01 16:29:00,2025-01-01 16:44:00,13,15.0,16
963,18-24,South America,Long_Video,19.4,2025-01-01 16:24:00,2025-01-01 16:43:00,12,19.0,16
649,45-54,Europe,Short_Video,15.8,2025-01-01 11:04:00,2025-01-01 11:19:00,15,15.0,11
439,45-54,South America,Live_Stream,29.6,2025-01-01 18:24:00,2025-01-01 18:53:00,20,29.0,18
128,35-44,North America,Long_Video,27.1,2025-01-01 11:58:00,2025-01-01 12:25:00,2,27.0,11
218,35-44,South America,Long_Video,26.3,2025-01-01 12:57:00,2025-01-01 13:23:00,12,26.0,12
998,35-44,Asia,Short_Video,15.7,2025-01-01 11:18:00,2025-01-01 11:33:00,12,15.0,11
367,25-34,Asia,Live_Stream,29.6,2025-01-01 08:01:00,2025-01-01 08:30:00,6,29.0,8
282,18-24,South America,Live_Stream,27.6,2025-01-01 10:01:00,2025-01-01 10:28:00,18,27.0,10
694,18-24,North America,Live_Stream,9.8,2025-01-01 08:24:00,2025-01-01 08:33:00,3,9.0,8
371,25-34,Europe,Short_Video,8.2,2025-01-01 15:56:00,2025-01-01 16:04:00,18,8.0,15
139,45-54,South America,Long_Video,18.1,2025-01-01 18:40:00,2025-01-01 18:58:00,7,18.0,18
211,35-44,Europe,Short_Video,3.5,2025-01-01 10:00:00,2025-01-01 10:03:00,5,3.0,10
710,45-54,South America,Long_Video,24.4,2025-01-01 11:32:00,2025-01-01 11:56:00,11,24.0,11
544,45-54,South America,Live_Stream,15.4,2025-01-01 18:30:00,2025-01-01 18:45:00,8,15.0,18
453,18-24,Europe,Live_Stream,17.1,2025-01-01 15:04:00,2025-01-01 15:21:00,18,17.0,15
846,45-54,South America,Long_Video,16.1,2025-01-01 15:03:00,2025-01-01 15:19:00,4,16.0,15
905,18-24,North America,Live_Stream,13.0,2025-01-01 08:46:00,2025-01-01 08:59:00,16,13.0,8
421,35-44,Europe,Short_Video,21.2,2025-01-01 13:41:00,2025-01-01 14:02:00,19,21.0,13
546,35-44,South America,Long_Video,6.9,2025-01-01 13:58:00,2025-01-01 14:04:00,7,6.0,13
720,25-34,Europe,Short_Video,29.3,2025-01-01 17:33:00,2025-01-01 18:02:00,8,29.0,17
623,25-34,Europe,Live_Stream,21.6,2025-01-01 18:52:00,2025-01-01 19:13:00,11,21.0,18
218,25-34,South America,Live_Stream,14.9,2025-01-01 11:37:00,2025-01-01 11:51:00,12,14.0,11
494,25-34,Europe,Short_Video,21.3,2025-01-01 08:11:00,2025-01-01 08:32:00,9,21.0,8
690,18-24,Asia,Live_Stream,2.3,2025-01-01 18:55:00,2025-01-01 18:57:00,17,2.0,18
294,35-44,Asia,Long_Video,7.9,2025-01-01 11:26:00,2025-01-01 11:33:00,14,7.0,11
360,18-24,North America,Long_Video,18.3,2025-01-01 19:46:00,2025-01-01 20:04:00,9,18.0,19
145,35-44,Asia,Short_Video,11.1,2025-01-01 12:48:00,2025-01-01 12:59:00,2,11.0,12
825,45-54,South America,Short_Video,19.2,2025-01-01 12:20:00,2025-01-01 12:39:00,3,19.0,12
546,25-34,Asia,Live_Stream,9.3,2025-01-01 09:09:00,2025-01-01 09:18:00,12,9.0,9
101,35-44,North America,Short_Video,17.4,2025-01-01 13:15:00,2025-01-01 13:32:00,12,17.0,13
632,45-54,North America,Live_Stream,8.6,2025-01-01 13:07:00,2025-01-01 13:15:00,15,8.0,13
925,45-54,Asia,Long_Video,15.2,2025-01-01 16:38:00,2025-01-01 16:53:00,16,15.0,16
651,18-24,Asia,Long_Video,19.2,2025-01-01 17:23:00,2025-01-01 17:42:00,17,19.0,17
803,18-24,Asia,Long_Video,12.2,2025-01-01 13:31:00,2025-01-01 13:43:00,17,12.0,13
836,18-24,Europe,Long_Video,16.0,2025-01-01 08:06:00,2025-01-01 08:22:00,4,16.0,8
859,35-44,North America,Short_Video,7.9,2025-01-01 09:56:00,2025-01-01 10:03:00,16,7.0,9
854,45-54,North America,Long_Video,21.6,2025-01-01 19:42:00,2025-01-01 20:03:00,18,21.0,19
786,35-44,Europe,Live_Stream,12.4,2025-01-01 13:41:00,2025-01-01 13:53:00,18,12.0,13
301,18-24,Europe,Live_Stream,25.9,2025-01-01 13:49:00,2025-01-01 14:14:00,10,25.0,13
472,45-54,Europe,Long_Video,9.8,2025-01-01 14:45:00,2025-01-01 14:54:00,15,9.0,14
541,25-34,North America,Short_Video,7.0,2025-01-01 17:42:00,2025-01-01 17:49:00,20,7.0,17
171,45-54,North America,Long_Video,5.7,2025-01-01 18:30:00,2025-01-01 18:35:00,12,5.0,18
780,45-54,Europe,Long_Video,18.1,2025-01-01 08:29:00,2025-01-01 08:47:00,3,18.0,8
438,25-34,Asia,Live_Stream,8.4,2025-01-01 10:59:00,2025-01-01 11:07:00,7,8.0,10
738,45-54,Europe,Long_Video,4.8,2025-01-01 11:18:00,2025-01-01 11:22:00,15,4.0,11
421,35-44,North America,Long_Video,9.6,2025-01-01 13:38:00,2025-01-01 13:47:00,3,9.0,13
779,35-44,Europe,Long_Video,8.6,2025-01-01 13:46:00,2025-01-01 13:54:00,3,8.0,13
968,35-44,North America,Short_Video,14.1,2025-01-01 19:28:00,2025-01-01 19:42:00,13,14.0,19
227,45-54,Asia,Short_Video,12.7,2025-01-01 16:10:00,2025-01-01 16:22:00,6,12.0,16
837,35-44,Europe,Short_Video,6.1,2025-01-01 16:05:00,2025-01-01 16:11:00,10,6.0,16
407,18-24,Europe,Live_Stream,28.9,2025-01-01 08:36:00,2025-01-01 09:04:00,3,28.0,8
619,18-24,Europe,Long_Video,6.2,2025-01-01 19:01:00,2025-01-01 19:07:00,4,6.0,19
416,25-34,Europe,Live_Stream,24.6,2025-01-01 10:19:00,2025-01-01 10:43:00,6,24.0,10
782,25-34,North America,Short_Video,6.9,2025-01-01 16:13:00,2025-01-01 16:19:00,9,6.0,16
518,25-34,South America,Live_Stream,16.0,2025-01-01 10:39:00,2025-01-01 10:55:00,4,16.0,10
434,18-24,South America,Live_Stream,29.9,2025-01-01 18:42:00,2025-01-01 19:11:00,5,29.0,18
512,35-44,South America,Short_Video,25.8,2025-01-01 15:51:00,2025-01-01 16:16:00,16,25.0,15
813,25-34,Asia,Short_Video,16.5,2025-01-01 17:09:00,2025-01-01 17:25:00,5,16.0,17
402,25-34,North America,Live_Stream,22.2,2025-01-01 13:43:00,2025-01-01 14:05:00,7,22.0,13
667,18-24,Europe,Live_Stream,24.0,2025-01-01 15:53:00,2025-01-01 16:17:00,17,24.0,15
230,45-54,North America,Live_Stream,10.4,2025-01-01 15:03:00,2025-01-01 15:13:00,1,10.0,15
296,18-24,Europe,Live_Stream,17.7,2025-01-01 08:57:00,2025-01-01 09:14:00,10,17.0,8
530,45-54,Europe,Long_Video,17.9,2025-01-01 16:53:00,2025-01-01 17:10:00,14,17.0,16
780,45-54,North America,Long_Video,13.2,2025-01-01 13:06:00,2025-01-01 13:19:00,18,13.0,13
488,35-44,Europe,Live_Stream,21.3,2025-01-01 17:38:00,2025-01-01 17:59:00,5,21.0,17
793,35-44,Europe,Live_Stream,3.7,2025-01-01 19:34:00,2025-01-01 19:37:00,16,3.0,19
866,25-34,Europe,Long_Video,24.8,2025-01-01 13:23:00,2025-01-01 13:47:00,12,24.0,13
278,35-44,North America,Live_Stream,15.3,2025-01-01 17:28:00,2025-01-01 17:43:00,14,15.0,17
730,45-54,Europe,Short_Video,19.6,2025-01-01 17:08:00,2025-01-01 17:27:00,15,19.0,17
682,45-54,North America,Long_Video,14.6,2025-01-01 08:19:00,2025-01-01 08:33:00,1,14.0,8
408,25-34,Asia,Long_Video,11.4,2025-01-01 11:33:00,2025-01-01 11:44:00,10,11.0,11
515,45-54,Asia,Short_Video,12.1,2025-01-01 17:51:00,2025-01-01 18:03:00,7,12.0,17
661,35-44,North America,Live_Stream,17.7,2025-01-01 19:41:00,2025-01-01 19:58:00,3,17.0,19
953,25-34,North America,Long_Video,28.1,2025-01-01 13:39:00,2025-01-01 14:07:00,1,28.0,13
100,25-34,Europe,Short_Video,9.2,2025-01-01 14:02:00,2025-01-01 14:11:00,8,9.0,14
411,18-24,South America,Live_Stream,2.6,2025-01-01 09:07:00,2025-01-01 09:09:00,17,2.0,9
393,18-24,Europe,Short_Video,5.4,2025-01-01 10:32:00,2025-01-01 10:37:00,11,5.0,10
315,18-24,Asia,Long_Video,26.3,2025-01-01 12:47:00,2025-01-01 13:13:00,14,26.0,12
540,45-54,South America,Live_Stream,29.0,2025-01-01 08:31:00,2025-01-01 09:00:00,19,29.0,8
904,25-34,Europe,Live_Stream,7.6,2025-01-01 13:47:00,2025-01-01 13:54:00,11,7.0,13
693,35-44,Europe,Live_Stream,18.1,2025-01-01 14:24:00,2025-01-01 14:42:00,11,18.0,14
721,35-44,South America,Long_Video,20.2,2025-01-01 18:41:00,2025-01-01 19:01:00,16,20.0,18
770,18-24,South America,Live_Stream,6.9,2025-01-01 17:07:00,2025-01-01 17:13:00,19,6.0,17
429,18-24,South America,Live_Stream,23.8,2025-01-01 10:49:00,2025-01-01 11:12:00,17,23.0,10
576,25-34,North America,Live_Stream,11.9,2025-01-01 17:44:00,2025-01-01 17:55:00,18,11.0,17
552,25-34,Europe,Short_Video,20.8,2025-01-01 18:20:00,2025-01-01 18:40:00,15,20.0,18
552,35-44,South America,Short_Video,15.6,2025-01-01 14:38:00,2025-01-01 14:53:00,15,15.0,14
791,18-24,North America,Short_Video,22.6,2025-01-01 11:11:00,2025-01-01 11:33:00,10,22.0,11
318,25-34,Europe,Short_Video,26.9,2025-01-01 18:09:00,2025-01-01 18:35:00,19,26.0,18
623,25-34,South America,Live_Stream,12.7,2025-01-01 09:59:00,2025-01-01 10:11:00,5,12.0,9
584,25-34,South America,Live_Stream,10.0,2025-01-01 13:15:00,2025-01-01 13:25:00,10,10.0,13
912,25-34,Europe,Short_Video,19.7,2025-01-01 13:22:00,2025-01-01 13:41:00,6,19.0,13
915,35-44,Asia,Live_Stream,6.1,2025-01-01 08:32:00,2025-01-01 08:38:00,9,6.0,8
853,45-54,Europe,Long_Video,6.7,2025-01-01 12:38:00,2025-01-01 12:44:00,8,6.0,12
273,35-44,Asia,Short_Video,24.6,2025-01-01 15:03:00,2025-01-01 15:27:00,16,24.0,15
774,18-24,North America,Long_Video,11.4,2025-01-01 09:28:00,2025-01-01 09:39:00,12,11.0,9
186,18-24,Europe,Live_Stream,19.7,2025-01-01 16:28:00,2025-01-01 16:47:00,10,19.0,16
390,35-44,South America,Short_Video,18.0,2025-01-01 12:03:00,2025-01-01 12:21:00,2,18.0,12
627,25-34,Europe,Live_Stream,25.8,2025-01-01 14:20:00,2025-01-01 14:45:00,5,25.0,14
779,35-44,North America,Short_Video,4.0,2025-01-01 15:42:00,2025-01-01 15:46:00,12,4.0,15
748,35-44,Asia,Short_Video,6.5,2025-01-01 13:09:00,2025-01-01 13:15:00,10,6.0,13
734,45-54,Asia,Short_Video,8.4,2025-01-01 11:41:00,2025-01-01 11:49:00,15,8.0,11
443,45-54,Asia,Live_Stream,10.9,2025-01-01 16:57:00,2025-01-01 17:07:00,6,10.0,16
195,25-34,Asia,Long_Video,10.2,2025-01-01 13:09:00,2025-01-01 13:19:00,20,10.0,13
938,35-44,Asia,Live_Stream,9.5,2025-01-01 10:59:00,2025-01-01 11:08:00,6,9.0,10
869,18-24,South America,Long_Video,20.1,2025-01-01 09:54:00,2025-01-01 10:14:00,18,20.0,9
340,25-34,Europe,Live_Stream,9.6,2025-01-01 14:23:00,2025-01-01 14:32:00,10,9.0,14
788,45-54,Asia,Short_Video,14.5,2025-01-01 08:38:00,2025-01-01 08:52:00,6,14.0,8
417,35-44,Europe,Live_Stream,26.2,2025-01-01 11:26:00,2025-01-01 11:52:00,6,26.0,11
330,25-34,Europe,Long_Video,12.2,2025-01-01 09:34:00,2025-01-01 09:46:00,5,12.0,9
925,35-44,Asia,Live_Stream,18.4,2025-01-01 15:34:00,2025-01-01 15:52:00,6,18.0,15
303,45-54,South America,Long_Video,29.0,2025-01-01 16:38:00,2025-01-01 17:07:00,8,29.0,16
250,25-34,South America,Short_Video,13.6,2025-01-01 08:25:00,2025-01-01 08:38:00,4,13.0,8
125,25-34,Europe,Short_Video,7.1,2025-01-01 16:14:00,2025-01-01 16:21:00,2,7.0,16
147,45-54,Europe,Live_Stream,2.6,2025-01-01 16:32:00,2025-01-01 16:34:00,11,2.0,16
350,45-54,Asia,Short_Video,22.4,2025-01-01 10:37:00,2025-01-01 10:59:00,19,22.0,10
586,35-44,North America,Short_Video,20.5,2025-01-01 11:14:00,2025-01-01 11:34:00,5,20.0,11
725,45-54,Asia,Long_Video,28.3,2025-01-01 13:48:00,2025-01-01 14:16:00,15,28.0,13
970,35-44,Asia,Long_Video,21.6,2025-01-01 16:15:00,2025-01-01 16:36:00,9,21.0,16
886,35-44,South America,Live_Stream,4.2,2025-01-01 16:56:00,2025-01-01 17:00:00,12,4.0,16
174,35-44,North America,Long_Video,6.7,2025-01-01 13:17:00,2025-01-01 13:23:00,6,6.0,13
566,35-44,South America,Short_Video,4.9,2025-01-01 13:35:00,2025-01-01 13:39:00,7,4.0,13
524,25-34,Europe,Live_Stream,3.8,2025-01-01 10:26:00,2025-01-01 10:29:00,18,3.0,10
744,25-34,Europe,Live_Stream,26.6,2025-01-01 09:40:00,2025-01-01 10:06:00,2,26.0,9
689,25-34,Asia,Long_Video,17.4,2025-01-01 16:48:00,2025-01-01 17:05:00,11,17.0,16
299,18-24,South America,Long_Video,2.7,2025-01-01 19:32:00,2025-01-01 19:34:00,12,2.0,19
835,18-24,Asia,Short_Video,13.1,2025-01-01 10:15:00,2025-01-01 10:28:00,5,13.0,10
813,45-54,Asia,Long_Video,23.4,2025-01-01 11:30:00,2025-01-01 11:53:00,12,23.0,11
493,25-34,South America,Short_Video,4.3,2025-01-01 08:37:00,2025-01-01 08:41:00,15,4.0,8
606,18-24,Europe,Short_Video,9.3,2025-01-01 15:50:00,2025-01-01 15:59:00,18,9.0,15
509,18-24,South America,Live_Stream,6.3,2025-01-01 14:36:00,2025-01-01 14:42:00,6,6.0,14
349,18-24,Asia,Short_Video,20.3,2025-01-01 16:54:00,2025-01-01 17:14:00,18,20.0,16
251,45-54,Asia,Live_Stream,26.8,2025-01-01 09:58:00,2025-01-01 10:24:00,10,26.0,9
771,18-24,North America,Long_Video,10.7,2025-01-01 08:04:00,2025-01-01 08:14:00,4,10.0,8
804,45-54,South America,Live_Stream,8.9,2025-01-01 13:18:00,2025-01-01 13:26:00,1,8.0,13
105,45-54,Asia,Short_Video,10.0,2025-01-01 08:45:00,2025-01-01 08:55:00,13,10.0,8
868,45-54,Europe,Long_Video,19.5,2025-01-01 19:43:00,2025-01-01 20:02:00,16,19.0,19
981,18-24,Asia,Long_Video,5.7,2025-01-01 18:08:00,2025-01-01 18:13:00,5,5.0,18
888,25-34,North America,Long_Video,25.5,2025-01-01 09:29:00,2025-01-01 09:54:00,15,25.0,9
209,45-54,South America,Live_Stream,2.8,2025-01-01 13:41:00,2025-01-01 13:43:00,11,2.0,13
897,18-24,Asia,Long_Video,20.6,2025-01-01 15:58:00,2025-01-01 16:18:00,5,20.0,15
535,25-34,Europe,Short_Video,26.1,2025-01-01 08:47:00,2025-01-01 09:13:00,1,26.0,8
324,18-24,South America,Short_Video,11.1,2025-01-01 09:45:00,2025-01-01 09:56:00,18,11.0,9
280,45-54,South America,Long_Video,15.3,2025-01-01 16:53:00,2025-01-01 17:08:00,17,15.0,16
923,45-54,Europe,Short_Video,29.3,2025-01-01 19:14:00,2025-01-01 19:43:00,11,29.0,19
812,45-54,North America,Short_Video,17.1,2025-01-01 13:19:00,2025-01-01 13:36:00,10,17.0,13
630,18-24,Europe,Live_Stream,9.6,2025-01-01 08:23:00,2025-01-01 08:32:00,16,9.0,8
575,25-34,Asia,Short_Video,14.5,2025-01-01 17:51:00,2025-01-01 18:05:00,10,14.0,17
151,25-34,Asia,Live_Stream,29.1,2025-01-01 13:19:00,2025-01-01 13:48:00,19,29.0,13
670,35-44,Asia,Long_Video,21.5,2025-01-01 18:54:00,2025-01-01 19:15:00,5,21.0,18
355,18-24,Asia,Short_Video,7.0,2025-01-01 11:34:00,2025-01-01 11:41:00,19,7.0,11
968,25-34,Europe,Live_Stream,18.7,2025-01-01 13:28:00,2025-01-01 13:46:00,15,18.0,13
224,25-34,Europe,Long_Video,19.7,2025-01-01 11:25:00,2025-01-01 11:44:00,11,19.0,11
567,35-44,South America,Short_Video,19.8,2025-01-01 11:17:00,2025-01-01 11:36:00,4,19.0,11
236,25-34,Asia,Long_Video,17.8,2025-01-01 12:53:00,2025-01-01 13:10:00,16,17.0,12
920,35-44,Asia,Long_Video,16.7,2025-01-01 12:43:00,2025-01-01 12:59:00,2,16.0,12
575,25-34,Europe,Short_Video,19.9,2025-01-01 17:05:00,2025-01-01 17:24:00,5,19.0,17
783,45-54,North America,Live_Stream,10.7,2025-01-01 13:26:00,2025-01-01 13:36:00,18,10.0,13
643,25-34,North America,Short_Video,11.7,2025-01-01 15:31:00,2025-01-01 15:42:00,4,11.0,15
672,45-54,Europe,Short_Video,17.1,2025-01-01 19:27:00,2025-01-01 19:44:00,10,17.0,19
709,25-34,South America,Live_Stream,24.5,2025-01-01 10:00:00,2025-01-01 10:24:00,1,24.0,10
424,45-54,North America,Long_Video,14.4,2025-01-01 12:39:00,2025-01-01 12:53:00,13,14.0,12
873,45-54,South America,Long_Video,12.2,2025-01-01 10:32:00,2025-01-01 10:44:00,20,12.0,10
553,25-34,North America,Live_Stream,9.3,2025-01-01 10:41:00,2025-01-01 10:50:00,8,9.0,10
727,25-34,Europe,Live_Stream,10.5,2025-01-01 12:40:00,2025-01-01 12:50:00,15,10.0,12
934,25-34,Europe,Long_Video,2.0,2025-01-01 09:57:00,2025-01-01 09:59:00,12,2.0,9
836,35-44,North America,Live_Stream,24.8,2025-01-01 08:15:00,2025-01-01 08:39:00,3,24.0,8
616,45-54,Europe,Long_Video,25.7,2025-01-01 18:37:00,2025-01-01 19:02:00,11,25.0,18
536,45-54,Europe,Short_Video,11.6,2025-01-01 17:33:00,2025-01-01 17:44:00,2,11.0,17
950,45-54,Europe,Live_Stream,15.1,2025-01-01 16:46:00,2025-01-01 17:01:00,20,15.0,16
661,18-24,Asia,Live_Stream,2.2,2025-01-01 09:44:00,2025-01-01 09:46:00,7,2.0,9
556,25-34,Europe,Long_Video,27.8,2025-01-01 11:31:00,2025-01-01 11:58:00,19,27.0,11
262,35-44,Europe,Short_Video,28.5,2025-01-01 17:15:00,2025-01-01 17:43:00,17,28.0,17
861,45-54,South America,Live_Stream,15.4,2025-01-01 13:58:00,2025-01-01 14:13:00,8,15.0,13
982,35-44,North America,Short_Video,2.3,2025-01-01 17:22:00,2025-01-01 17:24:00,9,2.0,17
586,18-24,South America,Live_Stream,14.1,2025-01-01 13:26:00,2025-01-01 13:40:00,7,14.0,13
560,45-54,Asia,Long_Video,10.2,2025-01-01 12:37:00,2025-01-01 12:47:00,1,10.0,12
365,45-54,Asia,Short_Video,8.5,2025-01-01 10:24:00,2025-01-01 10:32:00,3,8.0,10
869,25-34,North America,Long_Video,2.2,2025-01-01 12:50:00,2025-01-01 12:52:00,18,2.0,12
353,45-54,South America,Long_Video,12.5,2025-01-01 17:47:00,2025-01-01 17:59:00,15,12.0,17
960,25-34,North America,Short_Video,13.5,2025-01-01 12:10:00,2025-01-01 12:23:00,3,13.0,12
752,45-54,North America,Live_Stream,17.7,2025-01-01 10:55:00,2025-01-01 11:12:00,17,17.0,10
383,18-24,North America,Short_Video,13.1,2025-01-01 09:12:00,2025-01-01 09:25:00,13,13.0,9
884,25-34,Asia,Long_Video,6.6,2025-01-01 13:18:00,2025-01-01 13:24:00,7,6.0,13
896,45-54,South America,Short_Video,22.6,2025-01-01 18:27:00,2025-01-01 18:49:00,16,22.0,18
633,18-24,North America,Live_Stream,12.9,2025-01-01 13:46:00,2025-01-01 13:58:00,11,12.0,13
596,25-34,Europe,Long_Video,12.6,2025-01-01 17:13:00,2025-01-01 17:25:00,20,12.0,17
741,25-34,North America,Long_Video,9.4,2025-01-01 15:34:00,2025-01-01 15:43:00,20,9.0,15
344,18-24,Asia,Short_Video,13.8,2025-01-01 08:51:00,2025-01-01 09:04:00,17,13.0,8
381,18-24,Europe,Live_Stream,8.7,2025-01-01 10:13:00,2025-01-01 10:21:00,2,8.0,10
550,35-44,North America,Long_Video,23.4,2025-01-01 08:29:00,2025-01-01 08:52:00,12,23.0,8
179,18-24,Asia,Long_Video,27.5,2025-01-01 16:02:00,2025-01-01 16:29:00,13,27.0,16
830,45-54,North America,Long_Video,24.6,2025-01-01 19:31:00,2025-01-01 19:55:00,5,24.0,19
392,25-34,Asia,Long_Video,21.2,2025-01-01 08:51:00,2025-01-01 09:12:00,14,21.0,8
340,18-24,Europe,Short_Video,10.0,2025-01-01 09:48:00,2025-01-01 09:58:00,12,10.0,9
378,45-54,Asia,Live_Stream,22.8,2025-01-01 14:32:00,2025-01-01 14:54:00,13,22.0,14
443,45-54,North America,Long_Video,24.6,2025-01-01 08:55:00,2025-01-01 09:19:00,12,24.0,8
427,35-44,South America,Short_Video,13.6,2025-01-01 09:28:00,2025-01-01 09:41:00,1,13.0,9
653,45-54,South America,Long_Video,25.9,2025-01-01 15:16:00,2025-01-01 15:41:00,10,25.0,15
182,18-24,North America,Long_Video,7.1,2025-01-01 14:41:00,2025-01-01 14:48:00,12,7.0,14
241,25-34,North America,Short_Video,10.1,2025-01-01 11:03:00,2025-01-01 11:13:00,12,10.0,11
254,45-54,South America,Long_Video,19.8,2025-01-01 18:10:00,2025-01-01 18:29:00,10,19.0,18
336,35-44,North America,Short_Video,19.3,2025-01-01 18:06:00,2025-01-01 18:25:00,15,19.0,18
492,18-24,Europe,Live_Stream,9.6,2025-01-01 18:44:00,2025-01-01 18:53:00,18,9.0,18
810,35-44,Europe,Short_Video,19.4,2025-01-01 19:46:00,2025-01-01 20:05:00,3,19.0,19
256,25-34,Europe,Live_Stream,7.3,2025-01-01 19:56:00,2025-01-01 20:03:00,7,7.0,19
823,18-24,South America,Short_Video,2.5,2025-01-01 15:36:00,2025-01-01 15:38:00,15,2.0,15
319,18-24,Asia,Short_Video,3.4,2025-01-01 18:31:00,2025-01-01 18:34:00,14,3.0,18
165,25-34,Asia,Short_Video,17.0,2025-01-01 14:04:00,2025-01-01 14:21:00,15,17.0,14
524,45-54,Asia,Short_Video,7.2,2025-01-01 13:19:00,2025-01-01 13:26:00,10,7.0,13
517,35-44,Asia,Short_Video,4.9,2025-01-01 13:40:00,2025-01-01 13:44:00,6,4.0,13
438,35-44,Asia,Short_Video,9.5,2025-01-01 11:22:00,2025-01-01 11:31:00,14,9.0,11
655,35-44,Europe,Long_Video,22.0,2025-01-01 19:26:00,2025-01-01 19:48:00,14,22.0,19
577,18-24,South America,Short_Video,22.4,2025-01-01 17:06:00,2025-01-01 17:28:00,5,22.0,17
525,25-34,Asia,Live_Stream,8.5,2025-01-01 09:20:00,2025-01-01 09:28:00,19,8.0,9
163,25-34,South America,Short_Video,6.2,2025-01-01 15:56:00,2025-01-01 16:02:00,20,6.0,15
311,18-24,Asia,Short_Video,15.8,2025-01-01 17:41:00,2025-01-01 17:56:00,3,15.0,17
952,25-34,Europe,Long_Video,11.6,2025-01-01 10:14:00,2025-01-01 10:25:00,5,11.0,10
530,45-54,Asia,Short_Video,10.7,2025-01-01 09:35:00,2025-01-01 09:45:00,7,10.0,9
498,25-34,North America,Live_Stream,24.4,2025-01-01 19:55:00,2025-01-01 20:19:00,10,24.0,19
888,18-24,North America,Short_Video,29.9,2025-01-01 15:59:00,2025-01-01 16:28:00,16,29.0,15
698,45-54,North America,Short_Video,15.0,2025-01-01 09:39:00,2025-01-01 09:54:00,17,15.0,9
812,35-44,Europe,Live_Stream,24.2,2025-01-01 15:46:00,2025-01-01 16:10:00,11,24.0,15
120,18-24,North America,Live_Stream,11.2,2025-01-01 13:17:00,2025-01-01 13:28:00,3,11.0,13
977,35-44,Asia,Live_Stream,25.6,2025-01-01 19:40:00,2025-01-01 20:05:00,19,25.0,19
883,18-24,Asia,Live_Stream,28.6,2025-01-01 18:59:00,2025-01-01 19:27:00,13,28.0,18
689,18-24,Europe,Short_Video,3.6,2025-01-01 15:56:00,2025-01-01 15:59:00,3,3.0,15
489,25-34,North America,Short_Video,23.7,2025-01-01 16:01:00,2025-01-01 16:24:00,1,23.0,16
588,35-44,Europe,Long_Video,4.0,2025-01-01 11:57:00,2025-01-01 12:01:00,14,4.0,11
106,18-24,North America,Live_Stream,15.2,2025-01-01 11:49:00,2025-01-01 12:04:00,9,15.0,11
460,25-34,Asia,Short_Video,7.4,2025-01-01 10:27:00,2025-01-01 10:34:00,14,7.0,10
405,35-44,Asia,Short_Video,25.6,2025-01-01 18:31:00,2025-01-01 18:56:00,6,25.0,18
871,18-24,Asia,Short_Video,24.9,2025-01-01 12:24:00,2025-01-01 12:48:00,18,24.0,12
499,45-54,South America,Live_Stream,25.2,2025-01-01 14:12:00,2025-01-01 14:37:00,15,25.0,14
973,18-24,Asia,Short_Video,5.4,2025-01-01 14:41:00,2025-01-01 14:46:00,19,5.0,14
955,35-44,Europe,Long_Video,23.5,2025-01-01 11:07:00,2025-01-01 11:30:00,5,23.0,11
529,35-44,North America,Short_Video,9.0,2025-01-01 19:56:00,2025-01-01 20:05:00,7,9.0,19
651,45-54,Europe,Short_Video,23.6,2025-01-01 19:21:00,2025-01-01 19:44:00,6,23.0,19
865,35-44,Europe,Short_Video,14.4,2025-01-01 13:38:00,2025-01-01 13:52:00,13,14.0,13
852,25-34,North America,Short_Video,22.7,2025-01-01 13:32:00,2025-01-01 13:54:00,10,22.0,13
659,25-34,Europe,Live_Stream,2.9,2025-01-01 15:44:00,2025-01-01 15:46:00,18,2.0,15
919,35-44,North America,Short_Video,14.9,2025-01-01 16:19:00,2025-01-01 16:33:00,16,14.0,16
717,45-54,North America,Live_Stream,23.6,2025-01-01 08:30:00,2025-01-01 08:53:00,2,23.0,8
325,25-34,South America,Short_Video,16.6,2025-01-01 09:06:00,2025-01-01 09:22:00,10,16.0,9
599,18-24,South America,Live_Stream,29.5,2025-01-01 16:06:00,2025-01-01 16:35:00,19,29.0,16
324,45-54,Asia,Short_Video,15.2,2025-01-01 09:55:00,2025-01-01 10:10:00,10,15.0,9
379,25-34,Europe,Live_Stream,21.1,2025-01-01 13:59:00,2025-01-01 14:20:00,16,21.0,13
546,35-44,Asia,Long_Video,10.7,2025-01-01 16:10:00,2025-01-01 16:20:00,18,10.0,16
597,35-44,Europe,Short_Video,11.0,2025-01-01 15:52:00,2025-01-01 16:03:00,15,11.0,15
129,45-54,South America,Long_Video,19.6,2025-01-01 10:54:00,2025-01-01 11:13:00,8,19.0,10
498,35-44,Europe,Long_Video,3.2,2025-01-01 12:49:00,2025-01-01 12:52:00,1,3.0,12
444,25-34,North America,Long_Video,28.2,2025-01-01 13:56:00,2025-01-01 14:24:00,1,28.0,13
784,18-24,North America,Live_Stream,16.6,2025-01-01 18:18:00,2025-01-01 18:34:00,5,16.0,18
795,35-44,South America,Short_Video,9.1,2025-01-01 17:48:00,2025-01-01 17:57:00,9,9.0,17
917,45-54,Europe,Live_Stream,19.9,2025-01-01 10:10:00,2025-01-01 10:29:00,10,19.0,10
514,18-24,Europe,Short_Video,7.6,2025-01-01 16:40:00,2025-01-01 16:47:00,16,7.0,16
841,45-54,Asia,Long_Video,26.9,2025-01-01 09:45:00,2025-01-01 10:11:00,4,26.0,9
269,25-34,North America,Live_Stream,26.2,2025-01-01 14:55:00,2025-01-01 15:21:00,10,26.0,14
960,35-44,Europe,Short_Video,8.1,2025-01-01 09:49:00,2025-01-01 09:57:00,14,8.0,9
578,35-44,Asia,Long_Video,5.2,2025-01-01 13:33:00,2025-01-01 13:38:00,6,5.0,13
230,45-54,South America,Live_Stream,19.7,2025-01-01 17:29:00,2025-01-01 17:48:00,16,19.0,17
737,18-24,Asia,Live_Stream,11.1,2025-01-01 19:05:00,2025-01-01 19:16:00,8,11.0,19
646,45-54,North America,Long_Video,6.7,2025-01-01 09:12:00,2025-01-01 09:18:00,1,6.0,9
127,25-34,North America,Live_Stream,9.7,2025-01-01 13:09:00,2025-01-01 13:18:00,4,9.0,13
503,25-34,South America,Short_Video,5.4,2025-01-01 17:05:00,2025-01-01 17:10:00,9,5.0,17
706,18-24,South America,Live_Stream,24.1,2025-01-01 15:52:00,2025-01-01 16:16:00,16,24.0,15
677,18-24,Europe,Short_Video,2.3,2025-01-01 14:50:00,2025-01-01 14:52:00,3,2.0,14
778,18-24,South America,Live_Stream,3.2,2025-01-01 18:04:00,2025-01-01 18:07:00,20,3.0,18
127,45-54,North America,Short_Video,23.9,2025-01-01 15:03:00,2025-01-01 15:26:00,12,23.0,15
185,35-44,Asia,Long_Video,15.3,2025-01-01 12:04:00,2025-01-01 12:19:00,19,15.0,12
758,45-54,Asia,Long_Video,18.7,2025-01-01 18:35:00,2025-01-01 18:53:00,16,18.0,18
538,35-44,South America,Live_Stream,12.4,2025-01-01 12:09:00,2025-01-01 12:21:00,19,12.0,12
238,25-34,North America,Live_Stream,4.5,2025-01-01 17:21:00,2025-01-01 17:25:00,14,4.0,17
987,45-54,South America,Short_Video,6.4,2025-01-01 10:42:00,2025-01-01 10:48:00,9,6.0,10
572,18-24,South America,Long_Video,4.6,2025-01-01 16:13:00,2025-01-01 16:17:00,16,4.0,16
286,25-34,Europe,Long_Video,19.3,2025-01-01 14:33:00,2025-01-01 14:52:00,4,19.0,14
151,45-54,South America,Short_Video,28.1,2025-01-01 09:07:00,2025-01-01 09:35:00,12,28.0,9
366,45-54,Europe,Live_Stream,29.9,2025-01-01 13:48:00,2025-01-01 14:17:00,17,29.0,13
488,25-34,Europe,Live_Stream,19.5,2025-01-01 11:33:00,2025-01-01 11:52:00,19,19.0,11
435,18-24,South America,Live_Stream,3.7,2025-01-01 19:50:00,2025-01-01 19:53:00,1,3.0,19
316,25-34,Europe,Short_Video,20.0,2025-01-01 18:05:00,2025-01-01 18:25:00,9,20.0,18
565,45-54,South America,Live_Stream,21.6,2025-01-01 15:21:00,2025-01-01 15:42:00,6,21.0,15
434,35-44,South America,Short_Video,24.2,2025-01-01 15:25:00,2025-01-01 15:49:00,19,24.0,15
445,45-54,North America,Long_Video,5.5,2025-01-01 17:40:00,2025-01-01 17:45:00,2,5.0,17
879,25-34,South America,Short_Video,8.5,2025-01-01 13:50:00,2025-01-01 13:58:00,5,8.0,13
488,45-54,Asia,Short_Video,29.5,2025-01-01 17:17:00,2025-01-01 17:46:00,11,29.0,17
384,25-34,Europe,Short_Video,24.1,2025-01-01 19:50:00,2025-01-01 20:14:00,15,24.0,19
870,25-34,Asia,Live_Stream,23.2,2025-01-01 12:01:00,2025-01-01 12:24:00,5,23.0,12
951,45-54,Asia,Live_Stream,24.6,2025-01-01 10:57:00,2025-01-01 11:21:00,12,24.0,10
531,35-44,North America,Live_Stream,14.3,2025-01-01 19:18:00,2025-01-01 19:32:00,6,14.0,19
358,45-54,North America,Long_Video,7.4,2025-01-01 19:25:00,2025-01-01 19:32:00,2,7.0,19
954,35-44,North America,Long_Video,21.3,2025-01-01 09:19:00,2025-01-01 09:40:00,9,21.0,9
183,18-24,North America,Live_Stream,12.0,2025-01-01 17:47:00,2025-01-01 17:59:00,12,12.0,17
581,35-44,North America,Live_Stream,5.8,2025-01-01 16:18:00,2025-01-01 16:23:00,14,5.0,16
119,45-54,Europe,Long_Video,27.2,2025-01-01 09:57:00,2025-01-01 10:24:00,12,27.0,9
867,35-44,Europe,Long_Video,15.6,2025-01-01 18:06:00,2025-01-01 18:21:00,2,15.0,18
652,25-34,Asia,Live_Stream,14.3,2025-01-01 18:10:00,2025-01-01 18:24:00,10,14.0,18
153,18-24,Europe,Short_Video,10.3,2025-01-01 15:54:00,2025-01-01 16:04:00,10,10.0,15
458,35-44,Asia,Long_Video,21.5,2025-01-01 13:33:00,2025-01-01 13:54:00,17,21.0,13
329,25-34,Europe,Short_Video,7.3,2025-01-01 17:28:00,2025-01-01 17:35:00,3,7.0,17
765,35-44,Europe,Long_Video,7.2,2025-01-01 09:39:00,2025-01-01 09:46:00,17,7.0,9
170,25-34,South America,Live_Stream,11.7,2025-01-01 15:35:00,2025-01-01 15:46:00,7,11.0,15
899,35-44,South America,Long_Video,22.5,2025-01-01 11:00:00,2025-01-01 11:22:00,6,22.0,11
767,25-34,Asia,Live_Stream,9.7,2025-01-01 13:15:00,2025-01-01 13:24:00,4,9.0,13
141,18-24,North America,Long_Video,25.3,2025-01-01 14:55:00,2025-01-01 15:20:00,20,25.0,14
872,45-54,South America,Live_Stream,27.6,2025-01-01 09:11:00,2025-01-01 09:38:00,6,27.0,9
131,25-34,South America,Short_Video,17.5,2025-01-01 18:12:00,2025-01-01 18:29:00,18,17.0,18
353,45-54,South America,Long_Video,3.9,2025-01-01 09:51:00,2025-01-01 09:54:00,11,3.0,9
304,25-34,South America,Short_Video,6.3,2025-01-01 19:41:00,2025-01-01 19:47:00,11,6.0,19
959,45-54,South America,Live_Stream,10.3,2025-01-01 18:10:00,2025-01-01 18:20:00,10,10.0,18
120,45-54,North America,Live_Stream,9.4,2025-01-01 14:28:00,2025-01-01 14:37:00,9,9.0,14
736,18-24,South America,Live_Stream,12.3,2025-01-01 13:35:00,2025-01-01 13:47:00,12,12.0,13
256,35-44,North America,Short_Video,2.0,2025-01-01 16:26:00,2025-01-01 16:28:00,4,2.0,16
344,25-34,Asia,Long_Video,19.9,2025-01-01 19:00:00,2025-01-01 19:19:00,18,19.0,19
229,45-54,South America,Short_Video,12.6,2025-01-01 19:16:00,2025-01-01 19:28:00,19,12.0,19
584,35-44,South America,Live_Stream,7.2,2025-01-01 09:02:00,2025-01-01 09:09:00,12,7.0,9
785,45-54,Asia,Short_Video,2.5,2025-01-01 09:32:00,2025-01-01 09:34:00,5,2.0,9
217,18-24,Europe,Short_Video,26.0,2025-01-01 11:42:00,2025-01-01 12:08:00,1,26.0,11
677,35-44,Asia,Long_Video,23.7,2025-01-01 10:22:00,2025-01-01 10:45:00,5,23.0,10
323,45-54,Europe,Long_Video,8.7,2025-01-01 17:54:00,2025-01-01 18:02:00,17,8.0,17
576,18-24,Europe,Short_Video,22.2,2025-01-01 18:51:00,2025-01-01 19:13:00,10,22.0,18
816,18-24,Europe,Long_Video,20.4,2025-01-01 08:00:00,2025-01-01 08:20:00,12,20.0,8
362,45-54,Asia,Live_Stream,17.1,2025-01-01 10:30:00,2025-01-01 10:47:00,16,17.0,10
885,25-34,South America,Long_Video,12.8,2025-01-01 19:16:00,2025-01-01 19:28:00,14,12.0,19
477,25-34,North America,Live_Stream,16.7,2025-01-01 10:32:00,2025-01-01 10:48:00,11,16.0,10
271,35-44,Asia,Long_Video,15.9,2025-01-01 15:43:00,2025-01-01 15:58:00,6,15.0,15
720,35-44,Europe,Short_Video,17.4,2025-01-01 17:04:00,2025-01-01 17:21:00,4,17.0,17
721,35-44,South America,Long_Video,19.2,2025-01-01 12:58:00,2025-01-01 13:17:00,7,19.0,12
865,45-54,Europe,Long_Video,11.0,2025-01-01 14:39:00,2025-01-01 14:50:00,5,11.0,14
835,25-34,South America,Short_Video,19.9,2025-01-01 18:30:00,2025-01-01 18:49:00,17,19.0,18
217,45-54,Europe,Long_Video,5.1,2025-01-01 17:51:00,2025-01-01 17:56:00,8,5.0,17
896,35-44,North America,Long_Video,16.6,2025-01-01 15:37:00,2025-01-01 15:53:00,7,16.0,15
938,35-44,South America,Short_Video,3.9,2025-01-01 11:20:00,2025-01-01 11:23:00,18,3.0,11
267,25-34,Asia,Short_Video,25.4,2025-01-01 11:30:00,2025-01-01 11:55:00,20,25.0,11
418,35-44,Asia,Long_Video,5.6,2025-01-01 19:37:00,2025-01-01 19:42:00,17,5.0,19
210,18-24,Europe,Long_Video,26.5,2025-01-01 13:24:00,2025-01-01 13:50:00,18,26.0,13
692,18-24,Asia,Short_Video,7.7,2025-01-01 13:06:00,2025-01-01 13:13:00,18,7.0,13
126,35-44,Europe,Long_Video,15.6,2025-01-01 17:43:00,2025-01-01 17:58:00,4,15.0,17
419,25-34,North America,Short_Video,4.8,2025-01-01 19:35:00,2025-01-01 19:39:00,14,4.0,19
689,25-34,Asia,Live_Stream,18.0,2025-01-01 13:11:00,2025-01-01 13:29:00,15,18.0,13
793,35-44,North America,Live_Stream,25.4,2025-01-01 15:25:00,2025-01-01 15:50:00,3,25.0,15
484,25-34,Europe,Long_Video,20.4,2025-01-01 13:52:00,2025-01-01 14:12:00,4,20.0,13
506,25-34,North America,Short_Video,16.7,2025-01-01 09:31:00,2025-01-01 09:47:00,5,16.0,9
832,25-34,Europe,Short_Video,21.6,2025-01-01 17:56:00,2025-01-01 18:17:00,1,21.0,17
303,45-54,South America,Long_Video,9.2,2025-01-01 08:08:00,2025-01-01 08:17:00,16,9.0,8
177,25-34,Europe,Long_Video,12.3,2025-01-01 18:26:00,2025-01-01 18:38:00,12,12.0,18
706,45-54,Asia,Long_Video,19.0,2025-01-01 16:42:00,2025-01-01 17:01:00,10,19.0,16
807,25-34,Asia,Long_Video,4.0,2025-01-01 14:53:00,2025-01-01 14:57:00,12,4.0,14
950,18-24,Europe,Long_Video,28.0,2025-01-01 10:10:00,2025-01-01 10:38:00,5,28.0,10
742,45-54,Europe,Live_Stream,7.8,2025-01-01 13:01:00,2025-01-01 13:08:00,15,7.0,13
348,25-34,Asia,Short_Video,15.8,2025-01-01 09:03:00,2025-01-01 09:18:00,20,15.0,9
204,45-54,North America,Live_Stream,26.9,2025-01-01 14:18:00,2025-01-01 14:44:00,17,26.0,14
813,25-34,North America,Short_Video,4.2,2025-01-01 17:22:00,2025-01-01 17:26:00,11,4.0,17
891,18-24,South America,Long_Video,24.4,2025-01-01 08:54:00,2025-01-01 09:18:00,6,24.0,8
408,35-44,Europe,Live_Stream,3.7,2025-01-01 08:00:00,2025-01-01 08:03:00,10,3.0,8
970,45-54,North America,Live_Stream,17.6,2025-01-01 20:00:00,2025-01-01 20:17:00,1,17.0,20
800,25-34,South America,Short_Video,28.3,2025-01-01 17:33:00,2025-01-01 18:01:00,4,28.0,17
714,25-34,Europe,Long_Video,13.6,2025-01-01 14:07:00,2025-01-01 14:20:00,8,13.0,14
924,18-24,North America,Live_Stream,12.3,2025-01-01 09:52:00,2025-01-01 10:04:00,5,12.0,9
223,35-44,South America,Short_Video,21.8,2025-01-01 12:48:00,2025-01-01 13:09:00,5,21.0,12
915,45-54,North America,Short_Video,25.1,2025-01-01 08:31:00,2025-01-01 08:56:00,8,25.0,8
679,45-54,Asia,Short_Video,9.4,2025-01-01 12:00:00,2025-01-01 12:09:00,10,9.0,12
901,35-44,North America,Live_Stream,3.1,2025-01-01 15:22:00,2025-01-01 15:25:00,5,3.0,15
142,45-54,Asia,Live_Stream,4.0,2025-01-01 19:59:00,2025-01-01 20:03:00,7,4.0,19
455,35-44,North America,Short_Video,10.5,2025-01-01 18:04:00,2025-01-01 18:14:00,5,10.0,18
645,45-54,South America,Long_Video,28.4,2025-01-01 14:43:00,2025-01-01 15:11:00,3,28.0,14
538,35-44,Europe,Short_Video,28.9,2025-01-01 18:40:00,2025-01-01 19:08:00,14,28.0,18
777,18-24,Asia,Live_Stream,4.7,2025-01-01 13:25:00,2025-01-01 13:29:00,4,4.0,13
479,18-24,Europe,Long_Video,22.3,2025-01-01 14:31:00,2025-01-01 14:53:00,3,22.0,14
170,18-24,Europe,Long_Video,16.9,2025-01-01 14:55:00,2025-01-01 15:11:00,1,16.0,14
618,45-54,South America,Live_Stream,7.3,2025-01-01 14:30:00,2025-01-01 14:37:00,16,7.0,14
763,18-24,North America,Live_Stream,16.7,2025-01-01 15:25:00,2025-01-01 15:41:00,14,16.0,15
449,35-44,Europe,Short_Video,9.0,2025-01-01 17:18:00,2025-01-01 17:27:00,2,9.0,17
112,25-34,Europe,Long_Video,19.5,2025-01-01 11:36:00,2025-01-01 11:55:00,7,19.0,11
969,45-54,Asia,Live_Stream,7.0,2025-01-01 19:18:00,2025-01-01 19:25:00,4,7.0,19
530,35-44,North America,Live_Stream,23.0,2025-01-01 10:57:00,2025-01-01 11:20:00,2,23.0,10
942,35-44,Asia,Long_Video,13.6,2025-01-01 16:06:00,2025-01-01 16:19:00,17,13.0,16
601,18-24,Asia,Live_Stream,5.0,2025-01-01 10:22:00,2025-01-01 10:27:00,19,5.0,10
208,25-34,North America,Long_Video,19.9,2025-01-01 11:12:00,2025-01-01 11:31:00,2,19.0,11
543,45-54,Europe,Long_Video,12.0,2025-01-01 17:28:00,2025-01-01 17:40:00,16,12.0,17
470,35-44,North America,Live_Stream,14.8,2025-01-01 14:33:00,2025-01-01 14:47:00,4,14.0,14
750,35-44,North America,Short_Video,20.6,2025-01-01 14:08:00,2025-01-01 14:28:00,9,20.0,14
948,45-54,Asia,Long_Video,26.7,2025-01-01 15:07:00,2025-01-01 15:33:00,2,26.0,15
570,45-54,North America,Long_Video,6.7,2025-01-01 10:37:00,2025-01-01 10:43:00,3,6.0,10
824,18-24,Asia,Short_Video,7.1,2025-01-01 12:55:00,2025-01-01 13:02:00,10,7.0,12
256,45-54,South America,Live_Stream,13.2,2025-01-01 19:26:00,2025-01-01 19:39:00,1,13.0,19
